Workbook

Sheet LAMPIRAN I DONE
H1: Lampiran IV Keputusan Bersama Menteri
H2: Pendidikan dan Kebudayaan
H3: dan Kepala Badan Kepegawaian Negara
H4: Nomor : 4/VIII/PB/2014
H5: Nomor : 24 TAHUN 2014
H6: Tentang Ketentuan Pelaksanaan Peraturan Menteri Pendayagunaan Aparatur Negara Dan Reformasi Birokrasi Nomor 17 Tahun 2013 Tentang Jabatan Fungsional Dosen Dan Angka Kreditnya, Sebagaimana Telah Diubah Dengan Peraturan Menteri Pendayagunaan Aparatur Negara Dan Reformasi Birokrasi Republik Indonesia Nomor 46 Tahun 2013
A7: DAFTAR USUL PENETAPAN ANGKA KREDIT
A8: JABATAN AKADEMIK DOSEN
H10: MASA PENILAIAN :
H11: Bulan | I11: Januari | J11: Tahun | K11: 2012
H12: s.d. | O12: Petunjuk
H13: Bulan | I13: Juli | J13: Tahun | K13: 2023 | P13: : Kotak berwarna KUNING untuk diisi
B14: KETERANGAN PERORANGAN | P14: : Kotak berwarna HIJAU untuk dipilih sesuai pilihan yang ada
A15: 1 | B15: N a m a | F15: Dahliar Ananda | P15: : Kotak berwarna MERAH rumus, tidak perlu melakukan pengisian pada Kotak Merah
A16: 2 | B16: N I D N / N I P | F16: 0402058203 / 09820030 | P16: : Isilah Keterangan Perorangan terlebih dahulu, agar fungsi formula di tiap lampiran berfungsi
A17: 3 | B17: Nomor Seri Kartu Pegawai | F17: - | P17: : Apabila Keterangan Perorangan sudah diisi, maka otomatis akan mengisi nama pada tiap Lampiran berikutnya
A18: 4 | B18: Tempat dan Tanggal Lahir | F18: Banyuwangi, 2 Mei 1982 | P18: : Untuk nama Atasan / yang memberi pernyataan, diisi pada Lampiran II
A19: 5 | B19: Jenis Kelamin | F19: Laki-laki | P19: : Aplikasi Excel ini hanya bisa dioperasikan minimal pada Microsoft Excel 2010 s/d sekarang
A20: 6 | B20: Pendidikan yang diperhitungkan angka kreditnya | F20: Magister (S2) | O20: Created By : Nathaleo M. Apon. - Eugeniotejo
A21: 7 | B21: Jabatan Akademik Dosen/TMT | F21: Lektor | I21: 40848
A22: 8 | B22: Fakultas/Jurusan | F22: S1 Rekayasa Perangkat Lunak Kampus Surabaya Fakultas Informatika
A23: 9 | B23: Masa Kerja Lama
A24: 10 | B24: Masa Kerja Baru
A25: 11 | B25: Unit Kerja | F25: =IFERROR(VLOOKUP(F22,List!$C$2:$D$100,2,0),"") -> S1 Rekayasa Perangkat Lunak Kampus Surabaya Fakultas Informatika di Universitas Telkom pada LLDIKTI Wilayah IV Jawa Barat dan Banten
A26: II
A27: NO | B27: UNSUR YANG DINILAI
B28: UNSUR, SUB UNSUR & BUTIR KEGIATAN | H28: ANGKA KREDIT MENURUT
H29: INSTANSI PENGUSUL | K29: TIM PENILAI
H30: LAMA | I30: BARU | J30: JUMLAH | K30: LAMA | L30: BARU | M30: JUMLAH
A31: 1 | B31: 2 | H31: 3 | I31: 4 | J31: 5 | K31: 6 | L31: 7 | M31: 8
A32: I | B32: PENDIDIKAN
B33: A | C33: Pendidikan Formal
C34: 1 | D34: Sarjana (S1) | I34: =IF('LAMPIRAN II DONE'!J27="RUMUS","",'LAMPIRAN II DONE'!J27) -> 100 | J34: =IF(I34=0,"",I34) -> 100
C35: 2 | D35: Magister (S2) | I35: =IF('LAMPIRAN II DONE'!J28="RUMUS","",'LAMPIRAN II DONE'!J28) -> 50 | J35: =IF(I35=0,"",I35) -> 50
C36: 2 | D36: Doktor (S3) | I36: =IF('LAMPIRAN II DONE'!J29="RUMUS","",'LAMPIRAN II DONE'!J29) -> 50 | J36: =IF(I36=0,"",I36) -> 50
B37: B | C37: Pendidikan & Pelatihan Prajabatan
D38: Pendidikan & Pelatihan Prajabatan Golongan III | I38: =IF('LAMPIRAN II DONE'!G34=0,"",'LAMPIRAN II DONE'!G34) | J38: =IF(I38=0,"",I38)
A39: II | B39: PELAKSANAAN PENDIDIKAN
B40: A | C40: Melaksanakan Perkulihan/Tutorial & Membimbing, Menguji Serta Menyelenggarakan Pendidikan di Laboratorium, Praktek Keguruan Bengkel/Studio/Kebun Percobaan/Teknologi Pengajaran & Praktek Lapangan
D41: Melaksanakan Perkulihan/Tutorial & Membimbing, Menguji Serta Menyelenggarakan Pendidikan di Laboratorium, Praktik Keguruan Bengkel/Studio/Kebun Pada Fakultas/Sekolah Tinggi/Akademi/ Politeknik Sendiri, Pada Fakultas Lain Dalam Lingkungan Universitas/Institut Sendiri, maupun di Luar Perguruan Tinggi Sendiri Secara Melembaga Paling Banyak 12 SKS/Semester | I41: =IF('LAMPIRAN II DONE'!$G$206=0,"",'LAMPIRAN II DONE'!$G$206) -> 209 | J41: =IF(I41=0,"",I41) -> 209
A42: NO | B42: UNSUR YANG DINILAI
B43: UNSUR, SUB UNSUR DAN BUTIR KEGIATAN | H43: ANGKA KREDIT MENURUT
H44: INSTANSI PENGUSUL | K44: TIM PENILAI
H45: LAMA | I45: BARU | J45: JUMLAH | K45: LAMA | L45: BARU | M45: JUMLAH
A46: 1 | B46: 2 | H46: 3 | I46: 4 | J46: 5 | K46: 6 | L46: 7 | M46: 8
B47: B | C47: Membimbing Seminar
D48: Membimbing Mahasiswa Seminar | I48: =IF('LAMPIRAN II DONE'!G234=0,"",'LAMPIRAN II DONE'!G234) | J48: =IF(I48=0,"",I48)
B49: C | C49: Membing Kuliah Kerja Nyata, Pratek Kerja Nyata, Praktek Kerja Lapangan
D50: Membimbing Mahasiswa Kuliah Kerja Nyata, Pratek Kerja Nyata, Praktek Kerja Lapangan | I50: =IF('LAMPIRAN II DONE'!G262=0,"",'LAMPIRAN II DONE'!G262) | J50: =IF(I50=0,"",I50) | S50: 0 | T50: =TRIM(S50) -> 0
B51: D | C51: Membimbing & Ikut Membimbing Dalam Menghasilkan Disertasi, Thesis, Skripsi & Laporan Akhir Studi | S51: 1 | T51: =TRIM(S51) -> 1
C52: 1 | D52: Pembimbing Utama | S52: 2 | T52: =TRIM(S52) -> 2
D53: a. | E53: Disertasi | I53: =IF(SUMIFS('LAMPIRAN II DONE'!$F$265:$F$555,'LAMPIRAN II DONE'!$I$265:$I$555,"pembimbing utama",'LAMPIRAN II DONE'!$J$265:$J$555,"disertasi")=0,"",SUMIFS('LAMPIRAN II DONE'!$F$265:$F$555,'LAMPIRAN II DONE'!$I$265:$I$555,"pembimbing utama",'LAMPIRAN II DONE'!$J$265:$J$555,"disertasi")) | J53: =IF(I53=0,"",I53)
D54: b. | E54: Thesis | I54: =IF(SUMIFS('LAMPIRAN II DONE'!$F$265:$F$555,'LAMPIRAN II DONE'!$I$265:$I$555,"pembimbing utama",'LAMPIRAN II DONE'!$J$265:$J$555,"Tesis")=0,"",SUMIFS('LAMPIRAN II DONE'!$F$265:$F$555,'LAMPIRAN II DONE'!$I$265:$I$555,"pembimbing utama",'LAMPIRAN II DONE'!$J$265:$J$555,"Tesis")) | J54: =IF(I54=0,"",I54)
D55: c. | E55: Skripsi | I55: =IF(SUMIFS('LAMPIRAN II DONE'!$K$265:$K$555,'LAMPIRAN II DONE'!$I$265:$I$555,"pembimbing utama",'LAMPIRAN II DONE'!$J$265:$J$555,"skripsi")=0,"",SUMIFS('LAMPIRAN II DONE'!$K$265:$K$555,'LAMPIRAN II DONE'!$I$265:$I$555,"pembimbing utama",'LAMPIRAN II DONE'!$J$265:$J$555,"Skripsi")) | J55: =IF(I55=0,"",I55)
D56: d. | E56: Laporan Akhir | I56: =IF(SUMIFS('LAMPIRAN II DONE'!$F$265:$F$555,'LAMPIRAN II DONE'!$I$265:$I$555,"pembimbing utama",'LAMPIRAN II DONE'!$J$265:$J$555,"Laporan Akhir Studi")=0,"",SUMIFS('LAMPIRAN II DONE'!$F$265:$F$555,'LAMPIRAN II DONE'!$I$265:$I$555,"pembimbing utama",'LAMPIRAN II DONE'!$J$265:$J$555,"Laporan Akhir Studi")) -> 101 | J56: =IF(I56=0,"",I56) -> 101
C57: 2 | D57: Pembimbing Pendamping/Pembantu
D58: a. | E58: Disertasi | I58: =IF(SUMIFS('LAMPIRAN II DONE'!$F$265:$F$555,'LAMPIRAN II DONE'!$I$265:$I$555,"pembimbing pendamping",'LAMPIRAN II DONE'!$J$265:$J$555,"disertasi")=0,"",SUMIFS('LAMPIRAN II DONE'!$F$265:$F$555,'LAMPIRAN II DONE'!$I$265:$I$555,"pembimbing pendamping",'LAMPIRAN II DONE'!$J$265:$J$555,"disertasi")) | J58: =IF(I58=0,"",I58)
D59: b. | E59: Thesis | I59: =IF(SUMIFS('LAMPIRAN II DONE'!$F$265:$F$555,'LAMPIRAN II DONE'!$I$265:$I$555,"pembimbing pendamping",'LAMPIRAN II DONE'!$J$265:$J$555,"Tesis")=0,"",SUMIFS('LAMPIRAN II DONE'!$F$265:$F$555,'LAMPIRAN II DONE'!$I$265:$I$555,"pembimbing pendamping",'LAMPIRAN II DONE'!$J$265:$J$555,"Tesis")) | J59: =IF(I59=0,"",I59)
D60: c. | E60: Skripsi | I60: =IF(SUMIFS('LAMPIRAN II DONE'!$F$265:$F$555,'LAMPIRAN II DONE'!$I$265:$I$555,"pembimbing pendamping",'LAMPIRAN II DONE'!$J$265:$J$555,"Skripsi")=0,"",SUMIFS('LAMPIRAN II DONE'!$F$265:$F$555,'LAMPIRAN II DONE'!$I$265:$I$555,"pembimbing pendamping",'LAMPIRAN II DONE'!$J$265:$J$555,"Skripsi")) | J60: =IF(I60=0,"",I60)
D61: d. | E61: Laporan Akhir | I61: =IF(SUMIFS('LAMPIRAN II DONE'!$F$265:$F$555,'LAMPIRAN II DONE'!$I$265:$I$555,"pembimbing pendamping",'LAMPIRAN II DONE'!$J$265:$J$555,"Laporan Akhir Studi")=0,"",SUMIFS('LAMPIRAN II DONE'!$F$265:$F$555,'LAMPIRAN II DONE'!$I$265:$I$555,"pembimbing pendamping",'LAMPIRAN II DONE'!$J$265:$J$555,"Laporan Akhir Studi")) -> 18 | J61: =IF(I61=0,"",I61) -> 18
B62: E | C62: Bertugas Sebagai Penguji Pada Ujian Akhir
C63: 1 | D63: Ketua Penguji | I63: =IF('LAMPIRAN II DONE'!M862=0,"",'LAMPIRAN II DONE'!M862) -> 42 | J63: =IF(I63=0,"",I63) -> 42
C64: 2 | D64: Anggota Penguji | I64: =IF('LAMPIRAN II DONE'!N862=0,"",'LAMPIRAN II DONE'!N862) -> 24 | J64: =IF(I64=0,"",I64) -> 24
B65: F | C65: Membina Kegiatan Mahasiswa
D66: Melakukan Pembinaan Kegiatan Mahasiswa di Bidang Akademik & Kemahasiswaan | I66: =IF('LAMPIRAN II DONE'!$G$935=0,"",'LAMPIRAN II DONE'!$G$935) | J66: =IF(I66=0,"",I66)
B67: G | C67: Mengembangkan Program Kuliah
D68: Melakukan Kegiatan Pengembangan Program Kuliah | I68: =IF('LAMPIRAN II DONE'!$G$1009=0,"",'LAMPIRAN II DONE'!$G$1009) | J68: =IF(I68=0,"",I68)
B69: H | C69: Mengembangkan Bahan Pengajaran
C70: 1 | D70: Buku Ajar | I70: =IF(SUMIFS('LAMPIRAN II DONE'!$F$1012:$F$1036,'LAMPIRAN II DONE'!$I$1012:$I$1036,"buku pertahun")=0,"",SUMIFS('LAMPIRAN II DONE'!$F$1012:$F$1036,'LAMPIRAN II DONE'!$I$1012:$I$1036,"buku pertahun")) | J70: =IF(I70=0,"",I70)
C71: 2 | D71: Diktat, Modul, Petunjuk Praktikum, Model, Alat Bantu, Audio Visual, Naskah Tutorial | I71: =IF(SUMIFS('LAMPIRAN II DONE'!$F$1012:$F$1036,'LAMPIRAN II DONE'!$I$1012:$I$1036,"Diktat/Modul Persemester")=0,"",SUMIFS('LAMPIRAN II DONE'!$F$1012:$F$1036,'LAMPIRAN II DONE'!$I$1012:$I$1036,"Diktat/Modul Persemester")) | J71: =IF(I71=0,"",I71)
B72: I | C72: Menyampaikan Orasi Ilmiah
D73: Melakukan Kegiatan Orasi Ilmiah Pada Perguruan Tinggi | I73: =IF('LAMPIRAN II DONE'!$G$1111=0,"",'LAMPIRAN II DONE'!$G$1111) | J73: =IF(I73=0,"",I73)
B74: J | C74: Menduduki Jabatan Pimpinan Perguruan Tinggi
C75: 1 | D75: Rektor | I75: =IF(SUMIFS('LAMPIRAN II DONE'!$F$1114:$F$1138,'LAMPIRAN II DONE'!$I$1114:$I$1138,"a.rektor")=0,"",SUMIFS('LAMPIRAN II DONE'!$F$1114:$F$1138,'LAMPIRAN II DONE'!$I$1114:$I$1138,"a.rektor")) | J75: =IF(I75=0,"",I75)
C76: 2 | D76: Pembantu Rektor/Dekan/Direktur Program Pasca Sarjana | I76: =IF(SUMIFS('LAMPIRAN II DONE'!$F$1114:$F$1138,'LAMPIRAN II DONE'!$I$1114:$I$1138,"b.Pembantu rektor/dekan/direktur program pasca sarjana")=0,"",SUMIFS('LAMPIRAN II DONE'!$F$1114:$F$1138,'LAMPIRAN II DONE'!$I$1114:$I$1138,"b.Pembantu rektor/dekan/direktur program pasca sarjana")) | J76: =IF(I76=0,"",I76)
C77: 3 | D77: Ketua Sekolah Tinggi/Pembantu Dekan/Asisten Direktur Program Pasca Sarjana/Direktur Politeknik | I77: =IF(SUMIFS('LAMPIRAN II DONE'!$F$1114:$F$1138,'LAMPIRAN II DONE'!$I$1114:$I$1138,"c.Ketua sekolah tinggi/pembantu dekan/asisten direktur program pasca sarjana/direktur politeknik")=0,"",SUMIFS('LAMPIRAN II DONE'!$F$1114:$F$1138,'LAMPIRAN II DONE'!$I$1114:$I$1138,"c.Ketua sekolah tinggi/pembantu dekan/asisten direktur program pasca sarjana/direktur politeknik")) | J77: =IF(I77=0,"",I77)
C78: 4 | D78: Pembantu Ketua Sekolah Tinggi/Pembantu Direktur Politeknik | I78: =IF(SUMIFS('LAMPIRAN II DONE'!$F$1114:$F$1138,'LAMPIRAN II DONE'!$I$1114:$I$1138,"d.Pembantu ketua sekolah tinggi/pembantu direktur politeknik")=0,"",SUMIFS('LAMPIRAN II DONE'!$F$1114:$F$1138,'LAMPIRAN II DONE'!$I$1114:$I$1138,"d.Pembantu ketua sekolah tinggi/pembantu direktur politeknik")) | J78: =IF(I78=0,"",I78)
C79: 5 | D79: Direktur Akademi | I79: =IF(SUMIFS('LAMPIRAN II DONE'!$F$1114:$F$1138,'LAMPIRAN II DONE'!$I$1114:$I$1138,"e.Direktur akademi")=0,"",SUMIFS('LAMPIRAN II DONE'!$F$1114:$F$1138,'LAMPIRAN II DONE'!$I$1114:$I$1138,"e.Direktur akademi")) | J79: =IF(I79=0,"",I79)
C80: 6 | D80: Pembantu Direktur Akademi/Ketua Jurusan/Bagian Pada Universitas/Institut/Sekolah Tinggi | I80: =IF(SUMIFS('LAMPIRAN II DONE'!$F$1114:$F$1138,'LAMPIRAN II DONE'!$I$1114:$I$1138,"f.Pembantu direktur akademi/ketua jurusan/bagian pada universitas/institut/sekolah tinggi")=0,"",SUMIFS('LAMPIRAN II DONE'!$F$1114:$F$1138,'LAMPIRAN II DONE'!$I$1114:$I$1138,"f.Pembantu direktur akademi/ketua jurusan/bagian pada universitas/institut/sekolah tinggi")) -> 39 | J80: =IF(I80=0,"",I80) -> 39
C81: 7 | D81: Ketua Jurusan Pada Politeknik/Akademi/Sekretaris Jurusan/Bagian Pada Universitas/Institut/Sekolah Tinggi | I81: =IF(SUMIFS('LAMPIRAN II DONE'!$F$1114:$F$1138,'LAMPIRAN II DONE'!$I$1114:$I$1138,"g.Ketua jurusan pada politeknik/akademi/sekretaris jurusan/bagian pada universitas/institu/sekolah tinggi")=0,"",SUMIFS('LAMPIRAN II DONE'!$F$1114:$F$1138,'LAMPIRAN II DONE'!$I$1114:$I$1138,"g.Ketua jurusan pada politeknik/akademi/sekretaris jurusan/bagian pada universitas/institu/sekolah tinggi")) | J81: =IF(I81=0,"",I81)
C82: 8 | D82: Sekretaris Jurusan Pada Politeknik/Akademik & Kepala Laboratorium Universitas/Institut/Sekolah Tinggi/Politeknik/Akademi | I82: =IF(SUMIFS('LAMPIRAN II DONE'!$F$1114:$F$1138,'LAMPIRAN II DONE'!$I$1114:$I$1138,"h.Sekretaris jurusan pada politeknik/akademi dan kepala laboratorium universitas/institut/sekolah tinggi/politeknik/akademi")=0,"",SUMIFS('LAMPIRAN II DONE'!$F$1114:$F$1138,'LAMPIRAN II DONE'!$I$1114:$I$1138,"h.Sekretaris jurusan pada politeknik/akademi dan kepala laboratorium universitas/institut/sekolah tinggi/politeknik/akademi")) | J82: =IF(I82=0,"",I82)
B83: K | C83: Membimbing Akademik Dosen Yang Lebih Rendah Jabatannya
C84: 1 | D84: Pembimbing Pencangkokan | I84: =IF(SUMIFS('LAMPIRAN II DONE'!$F$1142:$F$1166,'LAMPIRAN II DONE'!$I$1142:$I$1166,"a.Pembimbing pencangkokan persemester")=0,"",SUMIFS('LAMPIRAN II DONE'!$F$1142:$F$1166,'LAMPIRAN II DONE'!$I$1142:$I$1166,"a.Pembimbing pencangkokan persemester")) | J84: =IF(I84=0,"",I84)
C85: 2 | D85: Reguler | I85: =IF(SUMIFS('LAMPIRAN II DONE'!$F$1142:$F$1166,'LAMPIRAN II DONE'!$I$1142:$I$1166,"b.reguler persemester")=0,"",SUMIFS('LAMPIRAN II DONE'!$F$1142:$F$1166,'LAMPIRAN II DONE'!$I$1142:$I$1166,"b.reguler persemester")) | J85: =IF(I85=0,"",I85)
B86: L | C86: Melaksanakan Kegiatan Detasering & Pencangkokan Akademik Dosen
C87: 1 | D87: Detasering | I87: =IF(SUMIFS('LAMPIRAN II DONE'!$F$1170:$F$1194,'LAMPIRAN II DONE'!$I$1170:$I$1194,"a.Detasering persemester")=0,"",SUMIFS('LAMPIRAN II DONE'!$F$1170:$F$1194,'LAMPIRAN II DONE'!$I$1170:$I$1194,"a.Detasering persemester")) | J87: =IF(I87=0,"",I87)
C88: 2 | D88: Pencangkokan | I88: =IF(SUMIFS('LAMPIRAN II DONE'!$F$1170:$F$1194,'LAMPIRAN II DONE'!$I$1170:$I$1194,"b.Pencangkokan persemester")=0,"",SUMIFS('LAMPIRAN II DONE'!$F$1170:$F$1194,'LAMPIRAN II DONE'!$I$1170:$I$1194,"b.Pencangkokan persemester")) | J88: =IF(I88=0,"",I88)
A89: NO | B89: UNSUR YANG DINILAI
B90: UNSUR, SUB UNSUR DAN BUTIR KEGIATAN | H90: ANGKA KREDIT MENURUT
H91: INSTANSI PENGUSUL | K91: TIM PENILAI
H92: LAMA | I92: BARU | J92: JUMLAH | K92: LAMA | L92: BARU | M92: JUMLAH
A93: 1 | B93: 2 | H93: 3 | I93: 4 | J93: 5 | K93: 6 | L93: 7 | M93: 8
B94: M | C94: Melakukan Kegiatan Pengembangan Diri Untuk Meningkatkan Kompetensi
C95: 1. | D95: Lamanya Lebih Dari 960 Jam | I95: =SUMIFS('LAMPIRAN II DONE'!$F$1198:$F$1222,'LAMPIRAN II DONE'!$I$1198:$I$1222,"Lamanya > 960 jam") -> 0 | J95: =IF(I95=0,"",I95)
C96: 2. | D96: Lamanya 641-960 Jam | I96: =SUMIFS('LAMPIRAN II DONE'!$F$1198:$F$1222,'LAMPIRAN II DONE'!$I$1198:$I$1222,"Lamanya 641-960 jam") -> 0 | J96: =IF(I96=0,"",I96)
C97: 3. | D97: Lamanya 481-640 Jam | I97: =SUMIFS('LAMPIRAN II DONE'!$F$1198:$F$1222,'LAMPIRAN II DONE'!$I$1198:$I$1222,"Lamanya 481-640 jam") -> 0 | J97: =IF(I97=0,"",I97)
C98: 4. | D98: Lamanya 161-480 Jam | I98: =SUMIFS('LAMPIRAN II DONE'!$F$1198:$F$1222,'LAMPIRAN II DONE'!$I$1198:$I$1222,"Lamanya 161-480 jam") -> 0 | J98: =IF(I98=0,"",I98)
C99: 5. | D99: Lamanya 81-160 Jam | I99: =SUMIFS('LAMPIRAN II DONE'!$F$1198:$F$1222,'LAMPIRAN II DONE'!$I$1198:$I$1222,"Lamanya 81-160 jam") -> 0 | J99: =IF(I99=0,"",I99)
C100: 6. | D100: Lamanya 31-80 Jam | I100: =SUMIFS('LAMPIRAN II DONE'!$F$1198:$F$1222,'LAMPIRAN II DONE'!$I$1198:$I$1222,"Lamanya 31-80 jam") -> 0 | J100: =IF(I100=0,"",I100) | R100: (ke-1)
C101: 7. | D101: Lamanya 10-30 Jam | I101: =SUMIFS('LAMPIRAN II DONE'!$F$1198:$F$1222,'LAMPIRAN II DONE'!$I$1198:$I$1222,"Lamanya 10-30 jam") -> 0 | J101: =IF(I101=0,"",I101)
...

Sheet LAMPIRAN II DONE
G1: Lampiran V Keputusan Bersama Menteri | U1: a.Rektor
G2: Pendidikan dan Kebudayaan | U2: b.Pembantu rektor/dekan/direktur program pasca sarjana
G3: dan Kepala Badan Kepegawaian Negara | U3: c.Ketua sekolah tinggi/pembantu dekan/asisten direktur program pasca sarjana/direktur politeknik
G4: Nomor : 4/VIII/PB/2014 | U4: d.Pembantu ketua sekolah tinggi/pembantu direktur politeknik
G5: Nomor : 24 TAHUN 2014 | U5: e.Direktur akademi
G6: Tentang Ketentuan Pelaksanaan Peraturan Menteri Pendayagunaan Aparatur Negara Dan Reformasi Birokrasi Nomor 17 Tahun 2013 Tentang Jabatan Fungsional Dosen Dan Angka Kreditnya, Sebagaimana Telah Diubah Dengan Peraturan Menteri Pendayagunaan Aparatur Negara Dan Reformasi Birokrasi Republik Indonesia Nomor 46 Tahun 2013 | U6: f.Pembantu direktur akademi/ketua jurusan/bagian pada universitas/institut/sekolah tinggi
U7: g.Ketua jurusan pada politeknik/akademi/sekretaris jurusan/bagian pada universitas/institu/sekolah tinggi
A8: SURAT PERNYATAAN | U8: h.Sekretaris jurusan pada politeknik/akademi dan kepala laboratorium universitas/institut/sekolah tinggi/politeknik/akademi
A9: MELAKSANAKAN KEGIATAN PENDIDIKAN DAN PENGAJARAN
A10: Yang bertanda tangan di bawah ini:
A11: 1 | B11: N a m a
A12: 2 | B12: N I P
A13: 3 | B13: Pangkat/Golongan Ruang
A14: 4 | B14: Jabatan Fungsional
A15: 5 | B15: Unit Kerja
A16: Menyatakan Bahwa
A17: 1 | B17: N a m a | C17: =IF('LAMPIRAN I DONE'!F15<>"",'LAMPIRAN I DONE'!F15,"") -> Dahliar Ananda
A18: 2 | B18: N I P | C18: =IF('LAMPIRAN I DONE'!F16<>"",'LAMPIRAN I DONE'!F16,"") -> 0402058203 / 09820030
A19: 3 | B19: Pangkat/Golongan Ruang | C19: - | I19: Petunjuk
A20: 4 | B20: Jabatan Fungsional | C20: =IF('LAMPIRAN I DONE'!F21<>"",'LAMPIRAN I DONE'!F21,"") -> Lektor | J20: : Kotak berwarna KUNING untuk diisi (khusus profil atasan/yang memberi pernyataan)
A21: 5 | B21: Unit Kerja | C21: =IF('LAMPIRAN I DONE'!F25<>"",'LAMPIRAN I DONE'!F25,"") -> S1 Rekayasa Perangkat Lunak Kampus Surabaya Fakultas Informatika di Universitas Telkom pada LLDIKTI Wilayah IV Jawa Barat dan Banten | J21: : Kotak berwarna HIJAU untuk dipilih sesuai pilihan yang ada
A22: Telah Melakukan Kegiatan Pendidikan dan Pengajaran Sebagai Berikut | J22: : Kotak berwarna MERAH rumus
A23: NO | B23: URAIAN KEGIATAN | C23: TANGGAL | D23: SATUAN HASIL | E23: JUMLAH VOLUME KEGIATAN | F23: ANGKA KREDIT | G23: JUMLAH ANGKA KREDIT | H23: KETERANGAN / BUKTI FISIK | J23: Untuk Row yang tidak diisi / dilewat mohon dihide Created By : Nathaleo M. Apon.
A24: 1 | B24: 2 | C24: 3 | D24: 4 | G24: 5 | H24: 6
A25: I | B25: Pendidikan
A26: A | B26: Pendidikan Formal
A27: 1 | B27: Pendidikan S1 | C27: - | D27: =IF(G27<>"rumus","Ijazah","") -> Ijazah | E27: =IF(I27<>"",1,"") -> 1 | F27: =IF(I27<>"",J27,"") -> 100 | G27: =IF(J27<>"rumus","1 x "&J27&" = "&J27,"rumus") -> 1 x 100 = 100 | H27: - | I27: Sarjana (S1) | J27: =IF(I27<>"",IF(I27="Doktor (S3) linier",50,IF(I27="Doktor (S3) non linier",15,IF(I27="Magister (S2) linier",50,IF(I27="Magister (S2) non linier",15,IF(I27="Sarjana (S1)",100,""))))),"rumus") -> 100
A28: 2 | B28: Pendidikan S2 | C28: - | D28: =IF(G28<>"rumus","Ijazah","") -> Ijazah | E28: =IF(I28<>"",1,"") -> 1 | F28: =IF(I28<>"",J28,"") -> 50 | G28: =IF(J28<>"rumus","1 x "&J28&" = "&J28,"rumus") -> 1 x 50 = 50 | H28: - | I28: Magister (S2) linier | J28: =IF(I28<>"",IF(I28="Doktor (S3) linier",50,IF(I28="Doktor (S3) non linier",15,IF(I28="Magister (S2) linier",50,IF(I28="Magister (S2) non linier",15,IF(I28="Sarjana (S1)",100,""))))),"rumus") -> 50
A29: 3 | B29: Pendidikan S3 | C29: - | D29: =IF(G29<>"rumus","Ijazah","") -> Ijazah | E29: =IF(I29<>"",1,"") -> 1 | F29: =IF(I29<>"",J29,"") -> 50 | G29: =IF(J29<>"rumus","1 x "&J29&" = "&J29,"rumus") -> 1 x 50 = 50 | H29: - | I29: Doktor (S3) linier | J29: =IF(I29<>"",IF(I29="Doktor (S3) linier",50,IF(I29="Doktor (S3) non linier",15,IF(I29="Magister (S2) linier",50,IF(I29="Magister (S2) non linier",15,IF(I29="Sarjana (S1)",100,""))))),"rumus") -> 50
B30: Jumlah | G30: =K30 -> 200 | K30: =SUM(J27:J29) -> 200
A31: B | B31: Diklat Pra Jabatan
A32: 1 | B32: Diklat Pra Jabatan | C32: - | D32: - | E32: =IF(I32<>"",1,"") | F32: =IF(I32<>"",J32,"") | G32: =IF(J32<>"rumus","1 x "&J32&" = "&J32,"rumus") -> rumus | H32: - | J32: =IF(I32="Diklat Pra Jabatan setiap Sertifikat",2,"rumus") -> rumus
A33: 2 | B33: Diklat Pra Jabatan | C33: - | D33: - | E33: =IF(I33<>"",1,"") | F33: =IF(I33<>"",J33,"") | G33: =IF(J33<>"rumus","1 x "&J33&" = "&J33,"rumus") -> rumus | H33: - | J33: =IF(I33="Diklat Pra Jabatan setiap Sertifikat",2,"rumus") -> rumus
B34: Jumlah | G34: =K34 -> 0 | K34: =SUM(J32:J33) -> 0
B35: Jumlah I | G35: =G30+G34 -> 200
A36: II | B36: Pelaksanaan Pendidikan
A37: A | B37: Melaksanakan perkuliahan | I37: sks | J37: kelas | K37: Akumulasi | L37: HPS
B38: ="a. Semester Gasal "&IF(C39<>"",C39,"")&" :" -> a. Semester Gasal 2012/2013 : | I38: =IF(I39<>"",0,"") -> 0 | J38: =IF(J39<>"",0,"") -> 0
A39: 1 | B39: KA1024 Algoritma dan Pemrograman, 4sks, 2kls | C39: 2012/2013 | D39: =IF(G39<>"rumus","SKS","") -> SKS | E39: =IF(K39<>"rumus",(IF(OR(AND(L39="sks>10",L38="sks<=10",IFERROR(SUMPRODUCT($I$38:I38,$J$38:J38)<10,FALSE)),AND(L39="sks>10",L38="")),(((10-SUMPRODUCT($I$38:I38,$J$38:J38))&" x "&1)&" "&(((I39*J39)-(10-SUMPRODUCT($I$38:I38,$J$38:J38)))&" x "&1)),(I39&" x "&J39))),"") -> 4 x 2 | F39: =IF(K39<>"rumus",(IF(OR(AND(L39="sks>10",L38="sks<=10",IFERROR(SUMPRODUCT($I$38:I38,$J$38:J38)<10,FALSE)),AND(L39="sks>10",L38="")),((IF('LAMPIRAN I DONE'!$F$21="Tenaga Pengajar",0.5,IF(OR('LAMPIRAN I DONE'!$F$21="Asisten Ahli",'LAMPIRAN I DONE'!$F$21="Lektor",'LAMPIRAN I DONE'!$F$21="Lektor Kepala",'LAMPIRAN I DONE'!$F$21="Guru Besar"),1,"")))&" "&(IF('LAMPIRAN I DONE'!$F$21="Tenaga Pengajar",0.25,IF(OR('LAMPIRAN I DONE'!$F$21="Asisten Ahli",'LAMPIRAN I DONE'!$F$21="Lektor",'LAMPIRAN I DONE'!$F$21="Lektor Kepala",'LAMPIRAN I DONE'!$F$21="Guru Besar"),0.5,"")))),((IF(OR(AND(L39="sks>10",L38="sks>10"),AND(L39="sks>10",L38="sks<=10")),IF('LAMPIRAN I DONE'!$F$21="Tenaga Pengajar",0.25,IF(OR('LAMPIRAN I DONE'!$F$21="Asisten Ahli",'LAMPIRAN I DONE'!$F$21="Lektor",'LAMPIRAN I DONE'!$F$21="Lektor Kepala",'LAMPIRAN I DONE'!$F$21="Guru Besar"),0.5,"")),IF('LAMPIRAN I DONE'!$F$21="Tenaga Pengajar",0.5,IF(OR('LAMPIRAN I DONE'!$F$21="Asisten Ahli",'LAMPIRAN I DONE'!$F$21="Lektor",'LAMPIRAN I DONE'!$F$21="Lektor Kepala",'LAMPIRAN I DONE'!$F$21="Guru Besar"),1,""))))))),"") -> 1 | G39: =IF(K39<>"rumus",(IF(OR(AND(L39="sks>10",L38="sks<=10",IFERROR(SUMPRODUCT($I$38:I38,$J$38:J38)<10,FALSE)),AND(L39="sks>10",L38="")),(((10-SUMPRODUCT($I$38:I38,$J$38:J38))&" x "&1&" x "&IF('LAMPIRAN I DONE'!$F$21="Tenaga Pengajar",0.5,IF(OR('LAMPIRAN I DONE'!$F$21="Asisten Ahli",'LAMPIRAN I DONE'!$F$21="Lektor",'LAMPIRAN I DONE'!$F$21="Lektor Kepala",'LAMPIRAN I DONE'!$F$21="Guru Besar"),1,""))&" = "&((10-SUMPRODUCT($I$38:I38,$J$38:J38))*IF('LAMPIRAN I DONE'!$F$21="Tenaga Pengajar",0.5,IF(OR('LAMPIRAN I DONE'!$F$21="Asisten Ahli",'LAMPIRAN I DONE'!$F$21="Lektor",'LAMPIRAN I DONE'!$F$21="Lektor Kepala",'LAMPIRAN I DONE'!$F$21="Guru Besar"),1,""))))&" "&(((I39*J39)-(10-SUMPRODUCT($I$38:I38,$J$38:J38)))&" x "&1&" x "&IF('LAMPIRAN I DONE'!$F$21="Tenaga Pengajar",0.25,IF(OR('LAMPIRAN I DONE'!$F$21="Asisten Ahli",'LAMPIRAN I DONE'!$F$21="Lektor",'LAMPIRAN I DONE'!$F$21="Lektor Kepala",'LAMPIRAN I DONE'!$F$21="Guru Besar"),0.5,""))&" = "&(((I39*J39)-(10-SUMPRODUCT($I$38:I38,$J$38:J38)))*IF('LAMPIRAN I DONE'!$F$21="Tenaga Pengajar",0.25,IF(OR('LAMPIRAN I DONE'!$F$21="Asisten Ahli",'LAMPIRAN I DONE'!$F$21="Lektor",'LAMPIRAN I DONE'!$F$21="Lektor Kepala",'LAMPIRAN I DONE'!$F$21="Guru Besar"),0.5,""))))),(I39&" x "&J39&" x "&(IF(OR(AND(L39="sks>10",L38="sks>10"),AND(L39="sks>10",L38="sks<=10")),IF('LAMPIRAN I DONE'!$F$21="Tenaga Pengajar",0.25,IF(OR('LAMPIRAN I DONE'!$F$21="Asisten Ahli",'LAMPIRAN I DONE'!$F$21="Lektor",'LAMPIRAN I DONE'!$F$21="Lektor Kepala",'LAMPIRAN I DONE'!$F$21="Guru Besar"),0.5,"")),IF('LAMPIRAN I DONE'!$F$21="Tenaga Pengajar",0.5,IF(OR('LAMPIRAN I DONE'!$F$21="Asisten Ahli",'LAMPIRAN I DONE'!$F$21="Lektor",'LAMPIRAN I DONE'!$F$21="Lektor Kepala",'LAMPIRAN I DONE'!$F$21="Guru Besar"),1,""))))&" = "&K39))),"rumus") -> 4 x 2 x 1 = 8 | H39: NOMOR : KEP. 039/ACD.11/1.0.0/2012 | I39: 4 | J39: 2 | K39: =IF(AND(I39<>"",J39<>""),(IF(OR(AND(L39="sks>10",L38="sks<=10",IFERROR(SUMPRODUCT($I$38:I38,$J$38:J38)<10,FALSE)),AND(L39="sks>10",L38="")),(((10-SUMPRODUCT($I$38:I38,$J$38:J38))*IF('LAMPIRAN I DONE'!$F$21="Tenaga Pengajar",0.5,IF(OR('LAMPIRAN I DONE'!$F$21="Asisten Ahli",'LAMPIRAN I DONE'!$F$21="Lektor",'LAMPIRAN I DONE'!$F$21="Lektor Kepala",'LAMPIRAN I DONE'!$F$21="Guru Besar"),1,"")))+(((I39*J39)-(10-SUMPRODUCT($I$38:I38,$J$38:J38)))*IF('LAMPIRAN I DONE'!$F$21="Tenaga Pengajar",0.25,IF(OR('LAMPIRAN I DONE'!$F$21="Asisten Ahli",'LAMPIRAN I DONE'!$F$21="Lektor",'LAMPIRAN I DONE'!$F$21="Lektor Kepala",'LAMPIRAN I DONE'!$F$21="Guru Besar"),0.5,"")))),IF(OR(AND(L39="sks>10",L38="sks>10"),AND(L39="sks>10",L38="sks<=10")),I39*J39*IF('LAMPIRAN I DONE'!$F$21="Tenaga Pengajar",0.25,IF(OR('LAMPIRAN I DONE'!$F$21="Asisten Ahli",'LAMPIRAN I DONE'!$F$21="Lektor",'LAMPIRAN I DONE'!$F$21="Lektor Kepala",'LAMPIRAN I DONE'!$F$21="Guru Besar"),0.5,"")),I39*J39*IF('LAMPIRAN I DONE'!$F$21="Tenaga Pengajar",0.5,IF(OR('LAMPIRAN I DONE'!$F$21="Asisten Ahli",'LAMPIRAN I DONE'!$F$21="Lektor",'LAMPIRAN I DONE'!$F$21="Lektor Kepala",'LAMPIRAN I DONE'!$F$21="Guru Besar"),1,""))))),"rumus") -> 8 | L39: =IF(AND(I39<>"",J39<>""),(IF(SUMPRODUCT($I$39:I39,$J$39:J39)<=10,"SKS<=10",IF(SUMPRODUCT($I$39:I39,$J$39:J39)>10,"SKS>10",""))),"rumus") -> SKS<=10
A40: 2 | B40: nama mk, sks, kls | C40: 2012/2013 | D40: =IF(G40<>"rumus","SKS","") | E40: =IF(K40<>"rumus",(IF(OR(AND(L40="sks>10",L39="sks<=10",IFERROR(SUMPRODUCT($I$38:I39,$J$38:J39)<10,FALSE)),AND(L40="sks>10",L39="")),(((10-SUMPRODUCT($I$38:I39,$J$38:J39))&" x "&1)&" "&(((I40*J40)-(10-SUMPRODUCT($I$38:I39,$J$38:J39)))&" x "&1)),(I40&" x "&J40))),"") | F40: =IF(K40<>"rumus",(IF(OR(AND(L40="sks>10",L39="sks<=10",IFERROR(SUMPRODUCT($I$38:I39,$J$38:J39)<10,FALSE)),AND(L40="sks>10",L39="")),((IF('LAMPIRAN I DONE'!$F$21="Tenaga Pengajar",0.5,IF(OR('LAMPIRAN I DONE'!$F$21="Asisten Ahli",'LAMPIRAN I DONE'!$F$21="Lektor",'LAMPIRAN I DONE'!$F$21="Lektor Kepala",'LAMPIRAN I DONE'!$F$21="Guru Besar"),1,"")))&" "&(IF('LAMPIRAN I DONE'!$F$21="Tenaga Pengajar",0.25,IF(OR('LAMPIRAN I DONE'!$F$21="Asisten Ahli",'LAMPIRAN I DONE'!$F$21="Lektor",'LAMPIRAN I DONE'!$F$21="Lektor Kepala",'LAMPIRAN I DONE'!$F$21="Guru Besar"),0.5,"")))),((IF(OR(AND(L40="sks>10",L39="sks>10"),AND(L40="sks>10",L39="sks<=10")),IF('LAMPIRAN I DONE'!$F$21="Tenaga Pengajar",0.25,IF(OR('LAMPIRAN I DONE'!$F$21="Asisten Ahli",'LAMPIRAN I DONE'!$F$21="Lektor",'LAMPIRAN I DONE'!$F$21="Lektor Kepala",'LAMPIRAN I DONE'!$F$21="Guru Besar"),0.5,"")),IF('LAMPIRAN I DONE'!$F$21="Tenaga Pengajar",0.5,IF(OR('LAMPIRAN I DONE'!$F$21="Asisten Ahli",'LAMPIRAN I DONE'!$F$21="Lektor",'LAMPIRAN I DONE'!$F$21="Lektor Kepala",'LAMPIRAN I DONE'!$F$21="Guru Besar"),1,""))))))),"") | G40: =IF(K40<>"rumus",(IF(OR(AND(L40="sks>10",L39="sks<=10",IFERROR(SUMPRODUCT($I$38:I39,$J$38:J39)<10,FALSE)),AND(L40="sks>10",L39="")),(((10-SUMPRODUCT($I$38:I39,$J$38:J39))&" x "&1&" x "&IF('LAMPIRAN I DONE'!$F$21="Tenaga Pengajar",0.5,IF(OR('LAMPIRAN I DONE'!$F$21="Asisten Ahli",'LAMPIRAN I DONE'!$F$21="Lektor",'LAMPIRAN I DONE'!$F$21="Lektor Kepala",'LAMPIRAN I DONE'!$F$21="Guru Besar"),1,""))&" = "&((10-SUMPRODUCT($I$38:I39,$J$38:J39))*IF('LAMPIRAN I DONE'!$F$21="Tenaga Pengajar",0.5,IF(OR('LAMPIRAN I DONE'!$F$21="Asisten Ahli",'LAMPIRAN I DONE'!$F$21="Lektor",'LAMPIRAN I DONE'!$F$21="Lektor Kepala",'LAMPIRAN I DONE'!$F$21="Guru Besar"),1,""))))&" "&(((I40*J40)-(10-SUMPRODUCT($I$38:I39,$J$38:J39)))&" x "&1&" x "&IF('LAMPIRAN I DONE'!$F$21="Tenaga Pengajar",0.25,IF(OR('LAMPIRAN I DONE'!$F$21="Asisten Ahli",'LAMPIRAN I DONE'!$F$21="Lektor",'LAMPIRAN I DONE'!$F$21="Lektor Kepala",'LAMPIRAN I DONE'!$F$21="Guru Besar"),0.5,""))&" = "&(((I40*J40)-(10-SUMPRODUCT($I$38:I39,$J$38:J39)))*IF('LAMPIRAN I DONE'!$F$21="Tenaga Pengajar",0.25,IF(OR('LAMPIRAN I DONE'!$F$21="Asisten Ahli",'LAMPIRAN I DONE'!$F$21="Lektor",'LAMPIRAN I DONE'!$F$21="Lektor Kepala",'LAMPIRAN I DONE'!$F$21="Guru Besar"),0.5,""))))),(I40&" x "&J40&" x "&(IF(OR(AND(L40="sks>10",L39="sks>10"),AND(L40="sks>10",L39="sks<=10")),IF('LAMPIRAN I DONE'!$F$21="Tenaga Pengajar",0.25,IF(OR('LAMPIRAN I DONE'!$F$21="Asisten Ahli",'LAMPIRAN I DONE'!$F$21="Lektor",'LAMPIRAN I DONE'!$F$21="Lektor Kepala",'LAMPIRAN I DONE'!$F$21="Guru Besar"),0.5,"")),IF('LAMPIRAN I DONE'!$F$21="Tenaga Pengajar",0.5,IF(OR('LAMPIRAN I DONE'!$F$21="Asisten Ahli",'LAMPIRAN I DONE'!$F$21="Lektor",'LAMPIRAN I DONE'!$F$21="Lektor Kepala",'LAMPIRAN I DONE'!$F$21="Guru Besar"),1,""))))&" = "&K40))),"rumus") -> rumus | H40: ( Isikan Nomor SK dengan lengkap) | K40: =IF(AND(I40<>"",J40<>""),(IF(OR(AND(L40="sks>10",L39="sks<=10",IFERROR(SUMPRODUCT($I$38:I39,$J$38:J39)<10,FALSE)),AND(L40="sks>10",L39="")),(((10-SUMPRODUCT($I$38:I39,$J$38:J39))*IF('LAMPIRAN I DONE'!$F$21="Tenaga Pengajar",0.5,IF(OR('LAMPIRAN I DONE'!$F$21="Asisten Ahli",'LAMPIRAN I DONE'!$F$21="Lektor",'LAMPIRAN I DONE'!$F$21="Lektor Kepala",'LAMPIRAN I DONE'!$F$21="Guru Besar"),1,"")))+(((I40*J40)-(10-SUMPRODUCT($I$38:I39,$J$38:J39)))*IF('LAMPIRAN I DONE'!$F$21="Tenaga Pengajar",0.25,IF(OR('LAMPIRAN I DONE'!$F$21="Asisten Ahli",'LAMPIRAN I DONE'!$F$21="Lektor",'LAMPIRAN I DONE'!$F$21="Lektor Kepala",'LAMPIRAN I DONE'!$F$21="Guru Besar"),0.5,"")))),IF(OR(AND(L40="sks>10",L39="sks>10"),AND(L40="sks>10",L39="sks<=10")),I40*J40*IF('LAMPIRAN I DONE'!$F$21="Tenaga Pengajar",0.25,IF(OR('LAMPIRAN I DONE'!$F$21="Asisten Ahli",'LAMPIRAN I DONE'!$F$21="Lektor",'LAMPIRAN I DONE'!$F$21="Lektor Kepala",'LAMPIRAN I DONE'!$F$21="Guru Besar"),0.5,"")),I40*J40*IF('LAMPIRAN I DONE'!$F$21="Tenaga Pengajar",0.5,IF(OR('LAMPIRAN I DONE'!$F$21="Asisten Ahli",'LAMPIRAN I DONE'!$F$21="Lektor",'LAMPIRAN I DONE'!$F$21="Lektor Kepala",'LAMPIRAN I DONE'!$F$21="Guru Besar"),1,""))))),"rumus") -> rumus | L40: =IF(AND(I40<>"",J40<>""),(IF(SUMPRODUCT($I$39:I40,$J$39:J40)<=10,"SKS<=10",IF(SUMPRODUCT($I$39:I40,$J$39:J40)>10,"SKS>10",""))),"rumus") -> rumus
A41: 3 | B41: nama mk, sks, kls | C41: 2012/2013 | D41: =IF(G41<>"rumus","SKS","") | E41: =IF(K41<>"rumus",(IF(OR(AND(L41="sks>10",L40="sks<=10",IFERROR(SUMPRODUCT($I$38:I40,$J$38:J40)<10,FALSE)),AND(L41="sks>10",L40="")),(((10-SUMPRODUCT($I$38:I40,$J$38:J40))&" x "&1)&" "&(((I41*J41)-(10-SUMPRODUCT($I$38:I40,$J$38:J40)))&" x "&1)),(I41&" x "&J41))),"") | F41: =IF(K41<>"rumus",(IF(OR(AND(L41="sks>10",L40="sks<=10",IFERROR(SUMPRODUCT($I$38:I40,$J$38:J40)<10,FALSE)),AND(L41="sks>10",L40="")),((IF('LAMPIRAN I DONE'!$F$21="Tenaga Pengajar",0.5,IF(OR('LAMPIRAN I DONE'!$F$21="Asisten Ahli",'LAMPIRAN I DONE'!$F$21="Lektor",'LAMPIRAN I DONE'!$F$21="Lektor Kepala",'LAMPIRAN I DONE'!$F$21="Guru Besar"),1,"")))&" "&(IF('LAMPIRAN I DONE'!$F$21="Tenaga Pengajar",0.25,IF(OR('LAMPIRAN I DONE'!$F$21="Asisten Ahli",'LAMPIRAN I DONE'!$F$21="Lektor",'LAMPIRAN I DONE'!$F$21="Lektor Kepala",'LAMPIRAN I DONE'!$F$21="Guru Besar"),0.5,"")))),((IF(OR(AND(L41="sks>10",L40="sks>10"),AND(L41="sks>10",L40="sks<=10")),IF('LAMPIRAN I DONE'!$F$21="Tenaga Pengajar",0.25,IF(OR('LAMPIRAN I DONE'!$F$21="Asisten Ahli",'LAMPIRAN I DONE'!$F$21="Lektor",'LAMPIRAN I DONE'!$F$21="Lektor Kepala",'LAMPIRAN I DONE'!$F$21="Guru Besar"),0.5,"")),IF('LAMPIRAN I DONE'!$F$21="Tenaga Pengajar",0.5,IF(OR('LAMPIRAN I DONE'!$F$21="Asisten Ahli",'LAMPIRAN I DONE'!$F$21="Lektor",'LAMPIRAN I DONE'!$F$21="Lektor Kepala",'LAMPIRAN I DONE'!$F$21="Guru Besar"),1,""))))))),"") | G41: =IF(K41<>"rumus",(IF(OR(AND(L41="sks>10",L40="sks<=10",IFERROR(SUMPRODUCT($I$38:I40,$J$38:J40)<10,FALSE)),AND(L41="sks>10",L40="")),(((10-SUMPRODUCT($I$38:I40,$J$38:J40))&" x "&1&" x "&IF('LAMPIRAN I DONE'!$F$21="Tenaga Pengajar",0.5,IF(OR('LAMPIRAN I DONE'!$F$21="Asisten Ahli",'LAMPIRAN I DONE'!$F$21="Lektor",'LAMPIRAN I DONE'!$F$21="Lektor Kepala",'LAMPIRAN I DONE'!$F$21="Guru Besar"),1,""))&" = "&((10-SUMPRODUCT($I$38:I40,$J$38:J40))*IF('LAMPIRAN I DONE'!$F$21="Tenaga Pengajar",0.5,IF(OR('LAMPIRAN I DONE'!$F$21="Asisten Ahli",'LAMPIRAN I DONE'!$F$21="Lektor",'LAMPIRAN I DONE'!$F$21="Lektor Kepala",'LAMPIRAN I DONE'!$F$21="Guru Besar"),1,""))))&" "&(((I41*J41)-(10-SUMPRODUCT($I$38:I40,$J$38:J40)))&" x "&1&" x "&IF('LAMPIRAN I DONE'!$F$21="Tenaga Pengajar",0.25,IF(OR('LAMPIRAN I DONE'!$F$21="Asisten Ahli",'LAMPIRAN I DONE'!$F$21="Lektor",'LAMPIRAN I DONE'!$F$21="Lektor Kepala",'LAMPIRAN I DONE'!$F$21="Guru Besar"),0.5,""))&" = "&(((I41*J41)-(10-SUMPRODUCT($I$38:I40,$J$38:J40)))*IF('LAMPIRAN I DONE'!$F$21="Tenaga Pengajar",0.25,IF(OR('LAMPIRAN I DONE'!$F$21="Asisten Ahli",'LAMPIRAN I DONE'!$F$21="Lektor",'LAMPIRAN I DONE'!$F$21="Lektor Kepala",'LAMPIRAN I DONE'!$F$21="Guru Besar"),0.5,""))))),(I41&" x "&J41&" x "&(IF(OR(AND(L41="sks>10",L40="sks>10"),AND(L41="sks>10",L40="sks<=10")),IF('LAMPIRAN I DONE'!$F$21="Tenaga Pengajar",0.25,IF(OR('LAMPIRAN I DONE'!$F$21="Asisten Ahli",'LAMPIRAN I DONE'!$F$21="Lektor",'LAMPIRAN I DONE'!$F$21="Lektor Kepala",'LAMPIRAN I DONE'!$F$21="Guru Besar"),0.5,"")),IF('LAMPIRAN I DONE'!$F$21="Tenaga Pengajar",0.5,IF(OR('LAMPIRAN I DONE'!$F$21="Asisten Ahli",'LAMPIRAN I DONE'!$F$21="Lektor",'LAMPIRAN I DONE'!$F$21="Lektor Kepala",'LAMPIRAN I DONE'!$F$21="Guru Besar"),1,""))))&" = "&K41))),"rumus") -> rumus | H41: ( Isikan Nomor SK dengan lengkap) | K41: =IF(AND(I41<>"",J41<>""),(IF(OR(AND(L41="sks>10",L40="sks<=10",IFERROR(SUMPRODUCT($I$38:I40,$J$38:J40)<10,FALSE)),AND(L41="sks>10",L40="")),(((10-SUMPRODUCT($I$38:I40,$J$38:J40))*IF('LAMPIRAN I DONE'!$F$21="Tenaga Pengajar",0.5,IF(OR('LAMPIRAN I DONE'!$F$21="Asisten Ahli",'LAMPIRAN I DONE'!$F$21="Lektor",'LAMPIRAN I DONE'!$F$21="Lektor Kepala",'LAMPIRAN I DONE'!$F$21="Guru Besar"),1,"")))+(((I41*J41)-(10-SUMPRODUCT($I$38:I40,$J$38:J40)))*IF('LAMPIRAN I DONE'!$F$21="Tenaga Pengajar",0.25,IF(OR('LAMPIRAN I DONE'!$F$21="Asisten Ahli",'LAMPIRAN I DONE'!$F$21="Lektor",'LAMPIRAN I DONE'!$F$21="Lektor Kepala",'LAMPIRAN I DONE'!$F$21="Guru Besar"),0.5,"")))),IF(OR(AND(L41="sks>10",L40="sks>10"),AND(L41="sks>10",L40="sks<=10")),I41*J41*IF('LAMPIRAN I DONE'!$F$21="Tenaga Pengajar",0.25,IF(OR('LAMPIRAN I DONE'!$F$21="Asisten Ahli",'LAMPIRAN I DONE'!$F$21="Lektor",'LAMPIRAN I DONE'!$F$21="Lektor Kepala",'LAMPIRAN I DONE'!$F$21="Guru Besar"),0.5,"")),I41*J41*IF('LAMPIRAN I DONE'!$F$21="Tenaga Pengajar",0.5,IF(OR('LAMPIRAN I DONE'!$F$21="Asisten Ahli",'LAMPIRAN I DONE'!$F$21="Lektor",'LAMPIRAN I DONE'!$F$21="Lektor Kepala",'LAMPIRAN I DONE'!$F$21="Guru Besar"),1,""))))),"rumus") -> rumus | L41: =IF(AND(I41<>"",J41<>""),(IF(SUMPRODUCT($I$39:I41,$J$39:J41)<=10,"SKS<=10",IF(SUMPRODUCT($I$39:I41,$J$39:J41)>10,"SKS>10",""))),"rumus") -> rumus
A42: 4 | B42: nama mk, sks, kls | C42: 2012/2013 | D42: =IF(G42<>"rumus","SKS","") | E42: =IF(K42<>"rumus",(IF(OR(AND(L42="sks>10",L41="sks<=10",IFERROR(SUMPRODUCT($I$38:I41,$J$38:J41)<10,FALSE)),AND(L42="sks>10",L41="")),(((10-SUMPRODUCT($I$38:I41,$J$38:J41))&" x "&1)&" "&(((I42*J42)-(10-SUMPRODUCT($I$38:I41,$J$38:J41)))&" x "&1)),(I42&" x "&J42))),"") | F42: =IF(K42<>"rumus",(IF(OR(AND(L42="sks>10",L41="sks<=10",IFERROR(SUMPRODUCT($I$38:I41,$J$38:J41)<10,FALSE)),AND(L42="sks>10",L41="")),((IF('LAMPIRAN I DONE'!$F$21="Tenaga Pengajar",0.5,IF(OR('LAMPIRAN I DONE'!$F$21="Asisten Ahli",'LAMPIRAN I DONE'!$F$21="Lektor",'LAMPIRAN I DONE'!$F$21="Lektor Kepala",'LAMPIRAN I DONE'!$F$21="Guru Besar"),1,"")))&" "&(IF('LAMPIRAN I DONE'!$F$21="Tenaga Pengajar",0.25,IF(OR('LAMPIRAN I DONE'!$F$21="Asisten Ahli",'LAMPIRAN I DONE'!$F$21="Lektor",'LAMPIRAN I DONE'!$F$21="Lektor Kepala",'LAMPIRAN I DONE'!$F$21="Guru Besar"),0.5,"")))),((IF(OR(AND(L42="sks>10",L41="sks>10"),AND(L42="sks>10",L41="sks<=10")),IF('LAMPIRAN I DONE'!$F$21="Tenaga Pengajar",0.25,IF(OR('LAMPIRAN I DONE'!$F$21="Asisten Ahli",'LAMPIRAN I DONE'!$F$21="Lektor",'LAMPIRAN I DONE'!$F$21="Lektor Kepala",'LAMPIRAN I DONE'!$F$21="Guru Besar"),0.5,"")),IF('LAMPIRAN I DONE'!$F$21="Tenaga Pengajar",0.5,IF(OR('LAMPIRAN I DONE'!$F$21="Asisten Ahli",'LAMPIRAN I DONE'!$F$21="Lektor",'LAMPIRAN I DONE'!$F$21="Lektor Kepala",'LAMPIRAN I DONE'!$F$21="Guru Besar"),1,""))))))),"") | G42: =IF(K42<>"rumus",(IF(OR(AND(L42="sks>10",L41="sks<=10",IFERROR(SUMPRODUCT($I$38:I41,$J$38:J41)<10,FALSE)),AND(L42="sks>10",L41="")),(((10-SUMPRODUCT($I$38:I41,$J$38:J41))&" x "&1&" x "&IF('LAMPIRAN I DONE'!$F$21="Tenaga Pengajar",0.5,IF(OR('LAMPIRAN I DONE'!$F$21="Asisten Ahli",'LAMPIRAN I DONE'!$F$21="Lektor",'LAMPIRAN I DONE'!$F$21="Lektor Kepala",'LAMPIRAN I DONE'!$F$21="Guru Besar"),1,""))&" = "&((10-SUMPRODUCT($I$38:I41,$J$38:J41))*IF('LAMPIRAN I DONE'!$F$21="Tenaga Pengajar",0.5,IF(OR('LAMPIRAN I DONE'!$F$21="Asisten Ahli",'LAMPIRAN I DONE'!$F$21="Lektor",'LAMPIRAN I DONE'!$F$21="Lektor Kepala",'LAMPIRAN I DONE'!$F$21="Guru Besar"),1,""))))&" "&(((I42*J42)-(10-SUMPRODUCT($I$38:I41,$J$38:J41)))&" x "&1&" x "&IF('LAMPIRAN I DONE'!$F$21="Tenaga Pengajar",0.25,IF(OR('LAMPIRAN I DONE'!$F$21="Asisten Ahli",'LAMPIRAN I DONE'!$F$21="Lektor",'LAMPIRAN I DONE'!$F$21="Lektor Kepala",'LAMPIRAN I DONE'!$F$21="Guru Besar"),0.5,""))&" = "&(((I42*J42)-(10-SUMPRODUCT($I$38:I41,$J$38:J41)))*IF('LAMPIRAN I DONE'!$F$21="Tenaga Pengajar",0.25,IF(OR('LAMPIRAN I DONE'!$F$21="Asisten Ahli",'LAMPIRAN I DONE'!$F$21="Lektor",'LAMPIRAN I DONE'!$F$21="Lektor Kepala",'LAMPIRAN I DONE'!$F$21="Guru Besar"),0.5,""))))),(I42&" x "&J42&" x "&(IF(OR(AND(L42="sks>10",L41="sks>10"),AND(L42="sks>10",L41="sks<=10")),IF('LAMPIRAN I DONE'!$F$21="Tenaga Pengajar",0.25,IF(OR('LAMPIRAN I DONE'!$F$21="Asisten Ahli",'LAMPIRAN I DONE'!$F$21="Lektor",'LAMPIRAN I DONE'!$F$21="Lektor Kepala",'LAMPIRAN I DONE'!$F$21="Guru Besar"),0.5,"")),IF('LAMPIRAN I DONE'!$F$21="Tenaga Pengajar",0.5,IF(OR('LAMPIRAN I DONE'!$F$21="Asisten Ahli",'LAMPIRAN I DONE'!$F$21="Lektor",'LAMPIRAN I DONE'!$F$21="Lektor Kepala",'LAMPIRAN I DONE'!$F$21="Guru Besar"),1,""))))&" = "&K42))),"rumus") -> rumus | H42: ( Isikan Nomor SK dengan lengkap) | K42: =IF(AND(I42<>"",J42<>""),(IF(OR(AND(L42="sks>10",L41="sks<=10",IFERROR(SUMPRODUCT($I$38:I41,$J$38:J41)<10,FALSE)),AND(L42="sks>10",L41="")),(((10-SUMPRODUCT($I$38:I41,$J$38:J41))*IF('LAMPIRAN I DONE'!$F$21="Tenaga Pengajar",0.5,IF(OR('LAMPIRAN I DONE'!$F$21="Asisten Ahli",'LAMPIRAN I DONE'!$F$21="Lektor",'LAMPIRAN I DONE'!$F$21="Lektor Kepala",'LAMPIRAN I DONE'!$F$21="Guru Besar"),1,"")))+(((I42*J42)-(10-SUMPRODUCT($I$38:I41,$J$38:J41)))*IF('LAMPIRAN I DONE'!$F$21="Tenaga Pengajar",0.25,IF(OR('LAMPIRAN I DONE'!$F$21="Asisten Ahli",'LAMPIRAN I DONE'!$F$21="Lektor",'LAMPIRAN I DONE'!$F$21="Lektor Kepala",'LAMPIRAN I DONE'!$F$21="Guru Besar"),0.5,"")))),IF(OR(AND(L42="sks>10",L41="sks>10"),AND(L42="sks>10",L41="sks<=10")),I42*J42*IF('LAMPIRAN I DONE'!$F$21="Tenaga Pengajar",0.25,IF(OR('LAMPIRAN I DONE'!$F$21="Asisten Ahli",'LAMPIRAN I DONE'!$F$21="Lektor",'LAMPIRAN I DONE'!$F$21="Lektor Kepala",'LAMPIRAN I DONE'!$F$21="Guru Besar"),0.5,"")),I42*J42*IF('LAMPIRAN I DONE'!$F$21="Tenaga Pengajar",0.5,IF(OR('LAMPIRAN I DONE'!$F$21="Asisten Ahli",'LAMPIRAN I DONE'!$F$21="Lektor",'LAMPIRAN I DONE'!$F$21="Lektor Kepala",'LAMPIRAN I DONE'!$F$21="Guru Besar"),1,""))))),"rumus") -> rumus | L42: =IF(AND(I42<>"",J42<>""),(IF(SUMPRODUCT($I$39:I42,$J$39:J42)<=10,"SKS<=10",IF(SUMPRODUCT($I$39:I42,$J$39:J42)>10,"SKS>10",""))),"rumus") -> rumus
A43: 5 | B43: nama mk, sks, kls | C43: 2012/2013 | D43: =IF(G43<>"rumus","SKS","") | E43: =IF(K43<>"rumus",(IF(OR(AND(L43="sks>10",L42="sks<=10",IFERROR(SUMPRODUCT($I$38:I42,$J$38:J42)<10,FALSE)),AND(L43="sks>10",L42="")),(((10-SUMPRODUCT($I$38:I42,$J$38:J42))&" x "&1)&" "&(((I43*J43)-(10-SUMPRODUCT($I$38:I42,$J$38:J42)))&" x "&1)),(I43&" x "&J43))),"") | F43: =IF(K43<>"rumus",(IF(OR(AND(L43="sks>10",L42="sks<=10",IFERROR(SUMPRODUCT($I$38:I42,$J$38:J42)<10,FALSE)),AND(L43="sks>10",L42="")),((IF('LAMPIRAN I DONE'!$F$21="Tenaga Pengajar",0.5,IF(OR('LAMPIRAN I DONE'!$F$21="Asisten Ahli",'LAMPIRAN I DONE'!$F$21="Lektor",'LAMPIRAN I DONE'!$F$21="Lektor Kepala",'LAMPIRAN I DONE'!$F$21="Guru Besar"),1,"")))&" "&(IF('LAMPIRAN I DONE'!$F$21="Tenaga Pengajar",0.25,IF(OR('LAMPIRAN I DONE'!$F$21="Asisten Ahli",'LAMPIRAN I DONE'!$F$21="Lektor",'LAMPIRAN I DONE'!$F$21="Lektor Kepala",'LAMPIRAN I DONE'!$F$21="Guru Besar"),0.5,"")))),((IF(OR(AND(L43="sks>10",L42="sks>10"),AND(L43="sks>10",L42="sks<=10")),IF('LAMPIRAN I DONE'!$F$21="Tenaga Pengajar",0.25,IF(OR('LAMPIRAN I DONE'!$F$21="Asisten Ahli",'LAMPIRAN I DONE'!$F$21="Lektor",'LAMPIRAN I DONE'!$F$21="Lektor Kepala",'LAMPIRAN I DONE'!$F$21="Guru Besar"),0.5,"")),IF('LAMPIRAN I DONE'!$F$21="Tenaga Pengajar",0.5,IF(OR('LAMPIRAN I DONE'!$F$21="Asisten Ahli",'LAMPIRAN I DONE'!$F$21="Lektor",'LAMPIRAN I DONE'!$F$21="Lektor Kepala",'LAMPIRAN I DONE'!$F$21="Guru Besar"),1,""))))))),"") | G43: =IF(K43<>"rumus",(IF(OR(AND(L43="sks>10",L42="sks<=10",IFERROR(SUMPRODUCT($I$38:I42,$J$38:J42)<10,FALSE)),AND(L43="sks>10",L42="")),(((10-SUMPRODUCT($I$38:I42,$J$38:J42))&" x "&1&" x "&IF('LAMPIRAN I DONE'!$F$21="Tenaga Pengajar",0.5,IF(OR('LAMPIRAN I DONE'!$F$21="Asisten Ahli",'LAMPIRAN I DONE'!$F$21="Lektor",'LAMPIRAN I DONE'!$F$21="Lektor Kepala",'LAMPIRAN I DONE'!$F$21="Guru Besar"),1,""))&" = "&((10-SUMPRODUCT($I$38:I42,$J$38:J42))*IF('LAMPIRAN I DONE'!$F$21="Tenaga Pengajar",0.5,IF(OR('LAMPIRAN I DONE'!$F$21="Asisten Ahli",'LAMPIRAN I DONE'!$F$21="Lektor",'LAMPIRAN I DONE'!$F$21="Lektor Kepala",'LAMPIRAN I DONE'!$F$21="Guru Besar"),1,""))))&" "&(((I43*J43)-(10-SUMPRODUCT($I$38:I42,$J$38:J42)))&" x "&1&" x "&IF('LAMPIRAN I DONE'!$F$21="Tenaga Pengajar",0.25,IF(OR('LAMPIRAN I DONE'!$F$21="Asisten Ahli",'LAMPIRAN I DONE'!$F$21="Lektor",'LAMPIRAN I DONE'!$F$21="Lektor Kepala",'LAMPIRAN I DONE'!$F$21="Guru Besar"),0.5,""))&" = "&(((I43*J43)-(10-SUMPRODUCT($I$38:I42,$J$38:J42)))*IF('LAMPIRAN I DONE'!$F$21="Tenaga Pengajar",0.25,IF(OR('LAMPIRAN I DONE'!$F$21="Asisten Ahli",'LAMPIRAN I DONE'!$F$21="Lektor",'LAMPIRAN I DONE'!$F$21="Lektor Kepala",'LAMPIRAN I DONE'!$F$21="Guru Besar"),0.5,""))))),(I43&" x "&J43&" x "&(IF(OR(AND(L43="sks>10",L42="sks>10"),AND(L43="sks>10",L42="sks<=10")),IF('LAMPIRAN I DONE'!$F$21="Tenaga Pengajar",0.25,IF(OR('LAMPIRAN I DONE'!$F$21="Asisten Ahli",'LAMPIRAN I DONE'!$F$21="Lektor",'LAMPIRAN I DONE'!$F$21="Lektor Kepala",'LAMPIRAN I DONE'!$F$21="Guru Besar"),0.5,"")),IF('LAMPIRAN I DONE'!$F$21="Tenaga Pengajar",0.5,IF(OR('LAMPIRAN I DONE'!$F$21="Asisten Ahli",'LAMPIRAN I DONE'!$F$21="Lektor",'LAMPIRAN I DONE'!$F$21="Lektor Kepala",'LAMPIRAN I DONE'!$F$21="Guru Besar"),1,""))))&" = "&K43))),"rumus") -> rumus | H43: ( Isikan Nomor SK dengan lengkap) | K43: =IF(AND(I43<>"",J43<>""),(IF(OR(AND(L43="sks>10",L42="sks<=10",IFERROR(SUMPRODUCT($I$38:I42,$J$38:J42)<10,FALSE)),AND(L43="sks>10",L42="")),(((10-SUMPRODUCT($I$38:I42,$J$38:J42))*IF('LAMPIRAN I DONE'!$F$21="Tenaga Pengajar",0.5,IF(OR('LAMPIRAN I DONE'!$F$21="Asisten Ahli",'LAMPIRAN I DONE'!$F$21="Lektor",'LAMPIRAN I DONE'!$F$21="Lektor Kepala",'LAMPIRAN I DONE'!$F$21="Guru Besar"),1,"")))+(((I43*J43)-(10-SUMPRODUCT($I$38:I42,$J$38:J42)))*IF('LAMPIRAN I DONE'!$F$21="Tenaga Pengajar",0.25,IF(OR('LAMPIRAN I DONE'!$F$21="Asisten Ahli",'LAMPIRAN I DONE'!$F$21="Lektor",'LAMPIRAN I DONE'!$F$21="Lektor Kepala",'LAMPIRAN I DONE'!$F$21="Guru Besar"),0.5,"")))),IF(OR(AND(L43="sks>10",L42="sks>10"),AND(L43="sks>10",L42="sks<=10")),I43*J43*IF('LAMPIRAN I DONE'!$F$21="Tenaga Pengajar",0.25,IF(OR('LAMPIRAN I DONE'!$F$21="Asisten Ahli",'LAMPIRAN I DONE'!$F$21="Lektor",'LAMPIRAN I DONE'!$F$21="Lektor Kepala",'LAMPIRAN I DONE'!$F$21="Guru Besar"),0.5,"")),I43*J43*IF('LAMPIRAN I DONE'!$F$21="Tenaga Pengajar",0.5,IF(OR('LAMPIRAN I DONE'!$F$21="Asisten Ahli",'LAMPIRAN I DONE'!$F$21="Lektor",'LAMPIRAN I DONE'!$F$21="Lektor Kepala",'LAMPIRAN I DONE'!$F$21="Guru Besar"),1,""))))),"rumus") -> rumus | L43: =IF(AND(I43<>"",J43<>""),(IF(SUMPRODUCT($I$39:I43,$J$39:J43)<=10,"SKS<=10",IF(SUMPRODUCT($I$39:I43,$J$39:J43)>10,"SKS>10",""))),"rumus") -> rumus
A44: 6 | B44: nama mk, sks, kls | C44: 2012/2013 | D44: =IF(G44<>"rumus","SKS","") | E44: =IF(K44<>"rumus",(IF(OR(AND(L44="sks>10",L43="sks<=10",IFERROR(SUMPRODUCT($I$38:I43,$J$38:J43)<10,FALSE)),AND(L44="sks>10",L43="")),(((10-SUMPRODUCT($I$38:I43,$J$38:J43))&" x "&1)&" "&(((I44*J44)-(10-SUMPRODUCT($I$38:I43,$J$38:J43)))&" x "&1)),(I44&" x "&J44))),"") | F44: =IF(K44<>"rumus",(IF(OR(AND(L44="sks>10",L43="sks<=10",IFERROR(SUMPRODUCT($I$38:I43,$J$38:J43)<10,FALSE)),AND(L44="sks>10",L43="")),((IF('LAMPIRAN I DONE'!$F$21="Tenaga Pengajar",0.5,IF(OR('LAMPIRAN I DONE'!$F$21="Asisten Ahli",'LAMPIRAN I DONE'!$F$21="Lektor",'LAMPIRAN I DONE'!$F$21="Lektor Kepala",'LAMPIRAN I DONE'!$F$21="Guru Besar"),1,"")))&" "&(IF('LAMPIRAN I DONE'!$F$21="Tenaga Pengajar",0.25,IF(OR('LAMPIRAN I DONE'!$F$21="Asisten Ahli",'LAMPIRAN I DONE'!$F$21="Lektor",'LAMPIRAN I DONE'!$F$21="Lektor Kepala",'LAMPIRAN I DONE'!$F$21="Guru Besar"),0.5,"")))),((IF(OR(AND(L44="sks>10",L43="sks>10"),AND(L44="sks>10",L43="sks<=10")),IF('LAMPIRAN I DONE'!$F$21="Tenaga Pengajar",0.25,IF(OR('LAMPIRAN I DONE'!$F$21="Asisten Ahli",'LAMPIRAN I DONE'!$F$21="Lektor",'LAMPIRAN I DONE'!$F$21="Lektor Kepala",'LAMPIRAN I DONE'!$F$21="Guru Besar"),0.5,"")),IF('LAMPIRAN I DONE'!$F$21="Tenaga Pengajar",0.5,IF(OR('LAMPIRAN I DONE'!$F$21="Asisten Ahli",'LAMPIRAN I DONE'!$F$21="Lektor",'LAMPIRAN I DONE'!$F$21="Lektor Kepala",'LAMPIRAN I DONE'!$F$21="Guru Besar"),1,""))))))),"") | G44: =IF(K44<>"rumus",(IF(OR(AND(L44="sks>10",L43="sks<=10",IFERROR(SUMPRODUCT($I$38:I43,$J$38:J43)<10,FALSE)),AND(L44="sks>10",L43="")),(((10-SUMPRODUCT($I$38:I43,$J$38:J43))&" x "&1&" x "&IF('LAMPIRAN I DONE'!$F$21="Tenaga Pengajar",0.5,IF(OR('LAMPIRAN I DONE'!$F$21="Asisten Ahli",'LAMPIRAN I DONE'!$F$21="Lektor",'LAMPIRAN I DONE'!$F$21="Lektor Kepala",'LAMPIRAN I DONE'!$F$21="Guru Besar"),1,""))&" = "&((10-SUMPRODUCT($I$38:I43,$J$38:J43))*IF('LAMPIRAN I DONE'!$F$21="Tenaga Pengajar",0.5,IF(OR('LAMPIRAN I DONE'!$F$21="Asisten Ahli",'LAMPIRAN I DONE'!$F$21="Lektor",'LAMPIRAN I DONE'!$F$21="Lektor Kepala",'LAMPIRAN I DONE'!$F$21="Guru Besar"),1,""))))&" "&(((I44*J44)-(10-SUMPRODUCT($I$38:I43,$J$38:J43)))&" x "&1&" x "&IF('LAMPIRAN I DONE'!$F$21="Tenaga Pengajar",0.25,IF(OR('LAMPIRAN I DONE'!$F$21="Asisten Ahli",'LAMPIRAN I DONE'!$F$21="Lektor",'LAMPIRAN I DONE'!$F$21="Lektor Kepala",'LAMPIRAN I DONE'!$F$21="Guru Besar"),0.5,""))&" = "&(((I44*J44)-(10-SUMPRODUCT($I$38:I43,$J$38:J43)))*IF('LAMPIRAN I DONE'!$F$21="Tenaga Pengajar",0.25,IF(OR('LAMPIRAN I DONE'!$F$21="Asisten Ahli",'LAMPIRAN I DONE'!$F$21="Lektor",'LAMPIRAN I DONE'!$F$21="Lektor Kepala",'LAMPIRAN I DONE'!$F$21="Guru Besar"),0.5,""))))),(I44&" x "&J44&" x "&(IF(OR(AND(L44="sks>10",L43="sks>10"),AND(L44="sks>10",L43="sks<=10")),IF('LAMPIRAN I DONE'!$F$21="Tenaga Pengajar",0.25,IF(OR('LAMPIRAN I DONE'!$F$21="Asisten Ahli",'LAMPIRAN I DONE'!$F$21="Lektor",'LAMPIRAN I DONE'!$F$21="Lektor Kepala",'LAMPIRAN I DONE'!$F$21="Guru Besar"),0.5,"")),IF('LAMPIRAN I DONE'!$F$21="Tenaga Pengajar",0.5,IF(OR('LAMPIRAN I DONE'!$F$21="Asisten Ahli",'LAMPIRAN I DONE'!$F$21="Lektor",'LAMPIRAN I DONE'!$F$21="Lektor Kepala",'LAMPIRAN I DONE'!$F$21="Guru Besar"),1,""))))&" = "&K44))),"rumus") -> rumus | H44: ( Isikan Nomor SK dengan lengkap) | K44: =IF(AND(I44<>"",J44<>""),(IF(OR(AND(L44="sks>10",L43="sks<=10",IFERROR(SUMPRODUCT($I$38:I43,$J$38:J43)<10,FALSE)),AND(L44="sks>10",L43="")),(((10-SUMPRODUCT($I$38:I43,$J$38:J43))*IF('LAMPIRAN I DONE'!$F$21="Tenaga Pengajar",0.5,IF(OR('LAMPIRAN I DONE'!$F$21="Asisten Ahli",'LAMPIRAN I DONE'!$F$21="Lektor",'LAMPIRAN I DONE'!$F$21="Lektor Kepala",'LAMPIRAN I DONE'!$F$21="Guru Besar"),1,"")))+(((I44*J44)-(10-SUMPRODUCT($I$38:I43,$J$38:J43)))*IF('LAMPIRAN I DONE'!$F$21="Tenaga Pengajar",0.25,IF(OR('LAMPIRAN I DONE'!$F$21="Asisten Ahli",'LAMPIRAN I DONE'!$F$21="Lektor",'LAMPIRAN I DONE'!$F$21="Lektor Kepala",'LAMPIRAN I DONE'!$F$21="Guru Besar"),0.5,"")))),IF(OR(AND(L44="sks>10",L43="sks>10"),AND(L44="sks>10",L43="sks<=10")),I44*J44*IF('LAMPIRAN I DONE'!$F$21="Tenaga Pengajar",0.25,IF(OR('LAMPIRAN I DONE'!$F$21="Asisten Ahli",'LAMPIRAN I DONE'!$F$21="Lektor",'LAMPIRAN I DONE'!$F$21="Lektor Kepala",'LAMPIRAN I DONE'!$F$21="Guru Besar"),0.5,"")),I44*J44*IF('LAMPIRAN I DONE'!$F$21="Tenaga Pengajar",0.5,IF(OR('LAMPIRAN I DONE'!$F$21="Asisten Ahli",'LAMPIRAN I DONE'!$F$21="Lektor",'LAMPIRAN I DONE'!$F$21="Lektor Kepala",'LAMPIRAN I DONE'!$F$21="Guru Besar"),1,""))))),"rumus") -> rumus | L44: =IF(AND(I44<>"",J44<>""),(IF(SUMPRODUCT($I$39:I44,$J$39:J44)<=10,"SKS<=10",IF(SUMPRODUCT($I$39:I44,$J$39:J44)>10,"SKS>10",""))),"rumus") -> rumus
B45: ="a. Semester Gasal "&IF(C46<>"",C46,"")&" :" -> a. Semester Gasal 2013/2014 : | M45: =IF((AND(N45="Max 5,5",SUM(K39:K44)<=5.5)),SUM(K39:K44),IF((AND(N45="Max 5,5",SUM(K39:K44)>5.5)),5.5,IF((AND(N45="Max 11",SUM(K39:K44)<=11)),SUM(K39:K44),IF((AND(N45="Max 11",SUM(K39:K44)>11)),11,"")))) -> 8 | N45: =IF('LAMPIRAN I DONE'!$F$21="Tenaga Pengajar","Max 5,5",IF(OR('LAMPIRAN I DONE'!$F$21="Asisten Ahli",'LAMPIRAN I DONE'!$F$21="Lektor",'LAMPIRAN I DONE'!$F$21="Lektor Kepala",'LAMPIRAN I DONE'!$F$21="Guru Besar"),"Max 11","")) -> Max 11
A46: 1 | B46: MI1264 Dasar Algoritma dan Pemrograman, 4sks, 2 kls | C46: 2013/2014 | D46: =IF(G46<>"rumus","SKS","") -> SKS | E46: =IF(K46<>"rumus",(IF(OR(AND(L46="sks>10",L45="sks<=10",IFERROR(SUMPRODUCT($I$45:I45,$J$45:J45)<10,FALSE)),AND(L46="sks>10",L45="")),(((10-SUMPRODUCT($I$45:I45,$J$45:J45))&" x "&1)&" "&(((I46*J46)-(10-SUMPRODUCT($I$45:I45,$J$45:J45)))&" x "&1)),(I46&" x "&J46))),"") -> 4 x 2 | F46: =IF(K46<>"rumus",(IF(OR(AND(L46="sks>10",L45="sks<=10",IFERROR(SUMPRODUCT($I$45:I45,$J$45:J45)<10,FALSE)),AND(L46="sks>10",L45="")),((IF('LAMPIRAN I DONE'!$F$21="Tenaga Pengajar",0.5,IF(OR('LAMPIRAN I DONE'!$F$21="Asisten Ahli",'LAMPIRAN I DONE'!$F$21="Lektor",'LAMPIRAN I DONE'!$F$21="Lektor Kepala",'LAMPIRAN I DONE'!$F$21="Guru Besar"),1,"")))&" "&(IF('LAMPIRAN I DONE'!$F$21="Tenaga Pengajar",0.25,IF(OR('LAMPIRAN I DONE'!$F$21="Asisten Ahli",'LAMPIRAN I DONE'!$F$21="Lektor",'LAMPIRAN I DONE'!$F$21="Lektor Kepala",'LAMPIRAN I DONE'!$F$21="Guru Besar"),0.5,"")))),((IF(OR(AND(L46="sks>10",L45="sks>10"),AND(L46="sks>10",L45="sks<=10")),IF('LAMPIRAN I DONE'!$F$21="Tenaga Pengajar",0.25,IF(OR('LAMPIRAN I DONE'!$F$21="Asisten Ahli",'LAMPIRAN I DONE'!$F$21="Lektor",'LAMPIRAN I DONE'!$F$21="Lektor Kepala",'LAMPIRAN I DONE'!$F$21="Guru Besar"),0.5,"")),IF('LAMPIRAN I DONE'!$F$21="Tenaga Pengajar",0.5,IF(OR('LAMPIRAN I DONE'!$F$21="Asisten Ahli",'LAMPIRAN I DONE'!$F$21="Lektor",'LAMPIRAN I DONE'!$F$21="Lektor Kepala",'LAMPIRAN I DONE'!$F$21="Guru Besar"),1,""))))))),"") -> 1 | G46: =IF(K46<>"rumus",(IF(OR(AND(L46="sks>10",L45="sks<=10",IFERROR(SUMPRODUCT($I$45:I45,$J$45:J45)<10,FALSE)),AND(L46="sks>10",L45="")),(((10-SUMPRODUCT($I$45:I45,$J$45:J45))&" x "&1&" x "&IF('LAMPIRAN I DONE'!$F$21="Tenaga Pengajar",0.5,IF(OR('LAMPIRAN I DONE'!$F$21="Asisten Ahli",'LAMPIRAN I DONE'!$F$21="Lektor",'LAMPIRAN I DONE'!$F$21="Lektor Kepala",'LAMPIRAN I DONE'!$F$21="Guru Besar"),1,""))&" = "&((10-SUMPRODUCT($I$45:I45,$J$45:J45))*IF('LAMPIRAN I DONE'!$F$21="Tenaga Pengajar",0.5,IF(OR('LAMPIRAN I DONE'!$F$21="Asisten Ahli",'LAMPIRAN I DONE'!$F$21="Lektor",'LAMPIRAN I DONE'!$F$21="Lektor Kepala",'LAMPIRAN I DONE'!$F$21="Guru Besar"),1,""))))&" "&(((I46*J46)-(10-SUMPRODUCT($I$45:I45,$J$45:J45)))&" x "&1&" x "&IF('LAMPIRAN I DONE'!$F$21="Tenaga Pengajar",0.25,IF(OR('LAMPIRAN I DONE'!$F$21="Asisten Ahli",'LAMPIRAN I DONE'!$F$21="Lektor",'LAMPIRAN I DONE'!$F$21="Lektor Kepala",'LAMPIRAN I DONE'!$F$21="Guru Besar"),0.5,""))&" = "&(((I46*J46)-(10-SUMPRODUCT($I$45:I45,$J$45:J45)))*IF('LAMPIRAN I DONE'!$F$21="Tenaga Pengajar",0.25,IF(OR('LAMPIRAN I DONE'!$F$21="Asisten Ahli",'LAMPIRAN I DONE'!$F$21="Lektor",'LAMPIRAN I DONE'!$F$21="Lektor Kepala",'LAMPIRAN I DONE'!$F$21="Guru Besar"),0.5,""))))),(I46&" x "&J46&" x "&(IF(OR(AND(L46="sks>10",L45="sks>10"),AND(L46="sks>10",L45="sks<=10")),IF('LAMPIRAN I DONE'!$F$21="Tenaga Pengajar",0.25,IF(OR('LAMPIRAN I DONE'!$F$21="Asisten Ahli",'LAMPIRAN I DONE'!$F$21="Lektor",'LAMPIRAN I DONE'!$F$21="Lektor Kepala",'LAMPIRAN I DONE'!$F$21="Guru Besar"),0.5,"")),IF('LAMPIRAN I DONE'!$F$21="Tenaga Pengajar",0.5,IF(OR('LAMPIRAN I DONE'!$F$21="Asisten Ahli",'LAMPIRAN I DONE'!$F$21="Lektor",'LAMPIRAN I DONE'!$F$21="Lektor Kepala",'LAMPIRAN I DONE'!$F$21="Guru Besar"),1,""))))&" = "&K46))),"rumus") -> 4 x 2 x 1 = 8 | H46: NOMOR : KEP. 044D/ACD.11/0.0.0/13 | I46: 4 | J46: 2 | K46: =IF(AND(I46<>"",J46<>""),(IF(OR(AND(L46="sks>10",L45="sks<=10",IFERROR(SUMPRODUCT($I$45:I45,$J$45:J45)<10,FALSE)),AND(L46="sks>10",L45="")),(((10-SUMPRODUCT($I$45:I45,$J$45:J45))*IF('LAMPIRAN I DONE'!$F$21="Tenaga Pengajar",0.5,IF(OR('LAMPIRAN I DONE'!$F$21="Asisten Ahli",'LAMPIRAN I DONE'!$F$21="Lektor",'LAMPIRAN I DONE'!$F$21="Lektor Kepala",'LAMPIRAN I DONE'!$F$21="Guru Besar"),1,"")))+(((I46*J46)-(10-SUMPRODUCT($I$45:I45,$J$45:J45)))*IF('LAMPIRAN I DONE'!$F$21="Tenaga Pengajar",0.25,IF(OR('LAMPIRAN I DONE'!$F$21="Asisten Ahli",'LAMPIRAN I DONE'!$F$21="Lektor",'LAMPIRAN I DONE'!$F$21="Lektor Kepala",'LAMPIRAN I DONE'!$F$21="Guru Besar"),0.5,"")))),IF(OR(AND(L46="sks>10",L45="sks>10"),AND(L46="sks>10",L45="sks<=10")),I46*J46*IF('LAMPIRAN I DONE'!$F$21="Tenaga Pengajar",0.25,IF(OR('LAMPIRAN I DONE'!$F$21="Asisten Ahli",'LAMPIRAN I DONE'!$F$21="Lektor",'LAMPIRAN I DONE'!$F$21="Lektor Kepala",'LAMPIRAN I DONE'!$F$21="Guru Besar"),0.5,"")),I46*J46*IF('LAMPIRAN I DONE'!$F$21="Tenaga Pengajar",0.5,IF(OR('LAMPIRAN I DONE'!$F$21="Asisten Ahli",'LAMPIRAN I DONE'!$F$21="Lektor",'LAMPIRAN I DONE'!$F$21="Lektor Kepala",'LAMPIRAN I DONE'!$F$21="Guru Besar"),1,""))))),"rumus") -> 8 | L46: =IF(AND(I46<>"",J46<>""),(IF(SUMPRODUCT($I$46:I46,$J$46:J46)<=10,"SKS<=10",IF(SUMPRODUCT($I$46:I46,$J$46:J46)>10,"SKS>10",""))),"rumus") -> SKS<=10
A47: 2 | B47: nama mk, sks, kls | C47: 2013/2014 | D47: =IF(G47<>"rumus","SKS","") | E47: =IF(K47<>"rumus",(IF(OR(AND(L47="sks>10",L46="sks<=10",IFERROR(SUMPRODUCT($I$45:I46,$J$45:J46)<10,FALSE)),AND(L47="sks>10",L46="")),(((10-SUMPRODUCT($I$45:I46,$J$45:J46))&" x "&1)&" "&(((I47*J47)-(10-SUMPRODUCT($I$45:I46,$J$45:J46)))&" x "&1)),(I47&" x "&J47))),"") | F47: =IF(K47<>"rumus",(IF(OR(AND(L47="sks>10",L46="sks<=10",IFERROR(SUMPRODUCT($I$45:I46,$J$45:J46)<10,FALSE)),AND(L47="sks>10",L46="")),((IF('LAMPIRAN I DONE'!$F$21="Tenaga Pengajar",0.5,IF(OR('LAMPIRAN I DONE'!$F$21="Asisten Ahli",'LAMPIRAN I DONE'!$F$21="Lektor",'LAMPIRAN I DONE'!$F$21="Lektor Kepala",'LAMPIRAN I DONE'!$F$21="Guru Besar"),1,"")))&" "&(IF('LAMPIRAN I DONE'!$F$21="Tenaga Pengajar",0.25,IF(OR('LAMPIRAN I DONE'!$F$21="Asisten Ahli",'LAMPIRAN I DONE'!$F$21="Lektor",'LAMPIRAN I DONE'!$F$21="Lektor Kepala",'LAMPIRAN I DONE'!$F$21="Guru Besar"),0.5,"")))),((IF(OR(AND(L47="sks>10",L46="sks>10"),AND(L47="sks>10",L46="sks<=10")),IF('LAMPIRAN I DONE'!$F$21="Tenaga Pengajar",0.25,IF(OR('LAMPIRAN I DONE'!$F$21="Asisten Ahli",'LAMPIRAN I DONE'!$F$21="Lektor",'LAMPIRAN I DONE'!$F$21="Lektor Kepala",'LAMPIRAN I DONE'!$F$21="Guru Besar"),0.5,"")),IF('LAMPIRAN I DONE'!$F$21="Tenaga Pengajar",0.5,IF(OR('LAMPIRAN I DONE'!$F$21="Asisten Ahli",'LAMPIRAN I DONE'!$F$21="Lektor",'LAMPIRAN I DONE'!$F$21="Lektor Kepala",'LAMPIRAN I DONE'!$F$21="Guru Besar"),1,""))))))),"") | G47: =IF(K47<>"rumus",(IF(OR(AND(L47="sks>10",L46="sks<=10",IFERROR(SUMPRODUCT($I$45:I46,$J$45:J46)<10,FALSE)),AND(L47="sks>10",L46="")),(((10-SUMPRODUCT($I$45:I46,$J$45:J46))&" x "&1&" x "&IF('LAMPIRAN I DONE'!$F$21="Tenaga Pengajar",0.5,IF(OR('LAMPIRAN I DONE'!$F$21="Asisten Ahli",'LAMPIRAN I DONE'!$F$21="Lektor",'LAMPIRAN I DONE'!$F$21="Lektor Kepala",'LAMPIRAN I DONE'!$F$21="Guru Besar"),1,""))&" = "&((10-SUMPRODUCT($I$45:I46,$J$45:J46))*IF('LAMPIRAN I DONE'!$F$21="Tenaga Pengajar",0.5,IF(OR('LAMPIRAN I DONE'!$F$21="Asisten Ahli",'LAMPIRAN I DONE'!$F$21="Lektor",'LAMPIRAN I DONE'!$F$21="Lektor Kepala",'LAMPIRAN I DONE'!$F$21="Guru Besar"),1,""))))&" "&(((I47*J47)-(10-SUMPRODUCT($I$45:I46,$J$45:J46)))&" x "&1&" x "&IF('LAMPIRAN I DONE'!$F$21="Tenaga Pengajar",0.25,IF(OR('LAMPIRAN I DONE'!$F$21="Asisten Ahli",'LAMPIRAN I DONE'!$F$21="Lektor",'LAMPIRAN I DONE'!$F$21="Lektor Kepala",'LAMPIRAN I DONE'!$F$21="Guru Besar"),0.5,""))&" = "&(((I47*J47)-(10-SUMPRODUCT($I$45:I46,$J$45:J46)))*IF('LAMPIRAN I DONE'!$F$21="Tenaga Pengajar",0.25,IF(OR('LAMPIRAN I DONE'!$F$21="Asisten Ahli",'LAMPIRAN I DONE'!$F$21="Lektor",'LAMPIRAN I DONE'!$F$21="Lektor Kepala",'LAMPIRAN I DONE'!$F$21="Guru Besar"),0.5,""))))),(I47&" x "&J47&" x "&(IF(OR(AND(L47="sks>10",L46="sks>10"),AND(L47="sks>10",L46="sks<=10")),IF('LAMPIRAN I DONE'!$F$21="Tenaga Pengajar",0.25,IF(OR('LAMPIRAN I DONE'!$F$21="Asisten Ahli",'LAMPIRAN I DONE'!$F$21="Lektor",'LAMPIRAN I DONE'!$F$21="Lektor Kepala",'LAMPIRAN I DONE'!$F$21="Guru Besar"),0.5,"")),IF('LAMPIRAN I DONE'!$F$21="Tenaga Pengajar",0.5,IF(OR('LAMPIRAN I DONE'!$F$21="Asisten Ahli",'LAMPIRAN I DONE'!$F$21="Lektor",'LAMPIRAN I DONE'!$F$21="Lektor Kepala",'LAMPIRAN I DONE'!$F$21="Guru Besar"),1,""))))&" = "&K47))),"rumus") -> rumus | H47: ( Isikan Nomor SK dengan lengkap) | K47: =IF(AND(I47<>"",J47<>""),(IF(OR(AND(L47="sks>10",L46="sks<=10",IFERROR(SUMPRODUCT($I$45:I46,$J$45:J46)<10,FALSE)),AND(L47="sks>10",L46="")),(((10-SUMPRODUCT($I$45:I46,$J$45:J46))*IF('LAMPIRAN I DONE'!$F$21="Tenaga Pengajar",0.5,IF(OR('LAMPIRAN I DONE'!$F$21="Asisten Ahli",'LAMPIRAN I DONE'!$F$21="Lektor",'LAMPIRAN I DONE'!$F$21="Lektor Kepala",'LAMPIRAN I DONE'!$F$21="Guru Besar"),1,"")))+(((I47*J47)-(10-SUMPRODUCT($I$45:I46,$J$45:J46)))*IF('LAMPIRAN I DONE'!$F$21="Tenaga Pengajar",0.25,IF(OR('LAMPIRAN I DONE'!$F$21="Asisten Ahli",'LAMPIRAN I DONE'!$F$21="Lektor",'LAMPIRAN I DONE'!$F$21="Lektor Kepala",'LAMPIRAN I DONE'!$F$21="Guru Besar"),0.5,"")))),IF(OR(AND(L47="sks>10",L46="sks>10"),AND(L47="sks>10",L46="sks<=10")),I47*J47*IF('LAMPIRAN I DONE'!$F$21="Tenaga Pengajar",0.25,IF(OR('LAMPIRAN I DONE'!$F$21="Asisten Ahli",'LAMPIRAN I DONE'!$F$21="Lektor",'LAMPIRAN I DONE'!$F$21="Lektor Kepala",'LAMPIRAN I DONE'!$F$21="Guru Besar"),0.5,"")),I47*J47*IF('LAMPIRAN I DONE'!$F$21="Tenaga Pengajar",0.5,IF(OR('LAMPIRAN I DONE'!$F$21="Asisten Ahli",'LAMPIRAN I DONE'!$F$21="Lektor",'LAMPIRAN I DONE'!$F$21="Lektor Kepala",'LAMPIRAN I DONE'!$F$21="Guru Besar"),1,""))))),"rumus") -> rumus | L47: =IF(AND(I47<>"",J47<>""),(IF(SUMPRODUCT($I$46:I47,$J$46:J47)<=10,"SKS<=10",IF(SUMPRODUCT($I$46:I47,$J$46:J47)>10,"SKS>10",""))),"rumus") -> rumus
A48: 3 | B48: nama mk, sks, kls | C48: 2013/2014 | D48: =IF(G48<>"rumus","SKS","") | E48: =IF(K48<>"rumus",(IF(OR(AND(L48="sks>10",L47="sks<=10",IFERROR(SUMPRODUCT($I$45:I47,$J$45:J47)<10,FALSE)),AND(L48="sks>10",L47="")),(((10-SUMPRODUCT($I$45:I47,$J$45:J47))&" x "&1)&" "&(((I48*J48)-(10-SUMPRODUCT($I$45:I47,$J$45:J47)))&" x "&1)),(I48&" x "&J48))),"") | F48: =IF(K48<>"rumus",(IF(OR(AND(L48="sks>10",L47="sks<=10",IFERROR(SUMPRODUCT($I$45:I47,$J$45:J47)<10,FALSE)),AND(L48="sks>10",L47="")),((IF('LAMPIRAN I DONE'!$F$21="Tenaga Pengajar",0.5,IF(OR('LAMPIRAN I DONE'!$F$21="Asisten Ahli",'LAMPIRAN I DONE'!$F$21="Lektor",'LAMPIRAN I DONE'!$F$21="Lektor Kepala",'LAMPIRAN I DONE'!$F$21="Guru Besar"),1,"")))&" "&(IF('LAMPIRAN I DONE'!$F$21="Tenaga Pengajar",0.25,IF(OR('LAMPIRAN I DONE'!$F$21="Asisten Ahli",'LAMPIRAN I DONE'!$F$21="Lektor",'LAMPIRAN I DONE'!$F$21="Lektor Kepala",'LAMPIRAN I DONE'!$F$21="Guru Besar"),0.5,"")))),((IF(OR(AND(L48="sks>10",L47="sks>10"),AND(L48="sks>10",L47="sks<=10")),IF('LAMPIRAN I DONE'!$F$21="Tenaga Pengajar",0.25,IF(OR('LAMPIRAN I DONE'!$F$21="Asisten Ahli",'LAMPIRAN I DONE'!$F$21="Lektor",'LAMPIRAN I DONE'!$F$21="Lektor Kepala",'LAMPIRAN I DONE'!$F$21="Guru Besar"),0.5,"")),IF('LAMPIRAN I DONE'!$F$21="Tenaga Pengajar",0.5,IF(OR('LAMPIRAN I DONE'!$F$21="Asisten Ahli",'LAMPIRAN I DONE'!$F$21="Lektor",'LAMPIRAN I DONE'!$F$21="Lektor Kepala",'LAMPIRAN I DONE'!$F$21="Guru Besar"),1,""))))))),"") | G48: =IF(K48<>"rumus",(IF(OR(AND(L48="sks>10",L47="sks<=10",IFERROR(SUMPRODUCT($I$45:I47,$J$45:J47)<10,FALSE)),AND(L48="sks>10",L47="")),(((10-SUMPRODUCT($I$45:I47,$J$45:J47))&" x "&1&" x "&IF('LAMPIRAN I DONE'!$F$21="Tenaga Pengajar",0.5,IF(OR('LAMPIRAN I DONE'!$F$21="Asisten Ahli",'LAMPIRAN I DONE'!$F$21="Lektor",'LAMPIRAN I DONE'!$F$21="Lektor Kepala",'LAMPIRAN I DONE'!$F$21="Guru Besar"),1,""))&" = "&((10-SUMPRODUCT($I$45:I47,$J$45:J47))*IF('LAMPIRAN I DONE'!$F$21="Tenaga Pengajar",0.5,IF(OR('LAMPIRAN I DONE'!$F$21="Asisten Ahli",'LAMPIRAN I DONE'!$F$21="Lektor",'LAMPIRAN I DONE'!$F$21="Lektor Kepala",'LAMPIRAN I DONE'!$F$21="Guru Besar"),1,""))))&" "&(((I48*J48)-(10-SUMPRODUCT($I$45:I47,$J$45:J47)))&" x "&1&" x "&IF('LAMPIRAN I DONE'!$F$21="Tenaga Pengajar",0.25,IF(OR('LAMPIRAN I DONE'!$F$21="Asisten Ahli",'LAMPIRAN I DONE'!$F$21="Lektor",'LAMPIRAN I DONE'!$F$21="Lektor Kepala",'LAMPIRAN I DONE'!$F$21="Guru Besar"),0.5,""))&" = "&(((I48*J48)-(10-SUMPRODUCT($I$45:I47,$J$45:J47)))*IF('LAMPIRAN I DONE'!$F$21="Tenaga Pengajar",0.25,IF(OR('LAMPIRAN I DONE'!$F$21="Asisten Ahli",'LAMPIRAN I DONE'!$F$21="Lektor",'LAMPIRAN I DONE'!$F$21="Lektor Kepala",'LAMPIRAN I DONE'!$F$21="Guru Besar"),0.5,""))))),(I48&" x "&J48&" x "&(IF(OR(AND(L48="sks>10",L47="sks>10"),AND(L48="sks>10",L47="sks<=10")),IF('LAMPIRAN I DONE'!$F$21="Tenaga Pengajar",0.25,IF(OR('LAMPIRAN I DONE'!$F$21="Asisten Ahli",'LAMPIRAN I DONE'!$F$21="Lektor",'LAMPIRAN I DONE'!$F$21="Lektor Kepala",'LAMPIRAN I DONE'!$F$21="Guru Besar"),0.5,"")),IF('LAMPIRAN I DONE'!$F$21="Tenaga Pengajar",0.5,IF(OR('LAMPIRAN I DONE'!$F$21="Asisten Ahli",'LAMPIRAN I DONE'!$F$21="Lektor",'LAMPIRAN I DONE'!$F$21="Lektor Kepala",'LAMPIRAN I DONE'!$F$21="Guru Besar"),1,""))))&" = "&K48))),"rumus") -> rumus | H48: ( Isikan Nomor SK dengan lengkap) | K48: =IF(AND(I48<>"",J48<>""),(IF(OR(AND(L48="sks>10",L47="sks<=10",IFERROR(SUMPRODUCT($I$45:I47,$J$45:J47)<10,FALSE)),AND(L48="sks>10",L47="")),(((10-SUMPRODUCT($I$45:I47,$J$45:J47))*IF('LAMPIRAN I DONE'!$F$21="Tenaga Pengajar",0.5,IF(OR('LAMPIRAN I DONE'!$F$21="Asisten Ahli",'LAMPIRAN I DONE'!$F$21="Lektor",'LAMPIRAN I DONE'!$F$21="Lektor Kepala",'LAMPIRAN I DONE'!$F$21="Guru Besar"),1,"")))+(((I48*J48)-(10-SUMPRODUCT($I$45:I47,$J$45:J47)))*IF('LAMPIRAN I DONE'!$F$21="Tenaga Pengajar",0.25,IF(OR('LAMPIRAN I DONE'!$F$21="Asisten Ahli",'LAMPIRAN I DONE'!$F$21="Lektor",'LAMPIRAN I DONE'!$F$21="Lektor Kepala",'LAMPIRAN I DONE'!$F$21="Guru Besar"),0.5,"")))),IF(OR(AND(L48="sks>10",L47="sks>10"),AND(L48="sks>10",L47="sks<=10")),I48*J48*IF('LAMPIRAN I DONE'!$F$21="Tenaga Pengajar",0.25,IF(OR('LAMPIRAN I DONE'!$F$21="Asisten Ahli",'LAMPIRAN I DONE'!$F$21="Lektor",'LAMPIRAN I DONE'!$F$21="Lektor Kepala",'LAMPIRAN I DONE'!$F$21="Guru Besar"),0.5,"")),I48*J48*IF('LAMPIRAN I DONE'!$F$21="Tenaga Pengajar",0.5,IF(OR('LAMPIRAN I DONE'!$F$21="Asisten Ahli",'LAMPIRAN I DONE'!$F$21="Lektor",'LAMPIRAN I DONE'!$F$21="Lektor Kepala",'LAMPIRAN I DONE'!$F$21="Guru Besar"),1,""))))),"rumus") -> rumus | L48: =IF(AND(I48<>"",J48<>""),(IF(SUMPRODUCT($I$46:I48,$J$46:J48)<=10,"SKS<=10",IF(SUMPRODUCT($I$46:I48,$J$46:J48)>10,"SKS>10",""))),"rumus") -> rumus
A49: 4 | B49: nama mk, sks, kls | C49: 2013/2014 | D49: =IF(G49<>"rumus","SKS","") | E49: =IF(K49<>"rumus",(IF(OR(AND(L49="sks>10",L48="sks<=10",IFERROR(SUMPRODUCT($I$45:I48,$J$45:J48)<10,FALSE)),AND(L49="sks>10",L48="")),(((10-SUMPRODUCT($I$45:I48,$J$45:J48))&" x "&1)&" "&(((I49*J49)-(10-SUMPRODUCT($I$45:I48,$J$45:J48)))&" x "&1)),(I49&" x "&J49))),"") | F49: =IF(K49<>"rumus",(IF(OR(AND(L49="sks>10",L48="sks<=10",IFERROR(SUMPRODUCT($I$45:I48,$J$45:J48)<10,FALSE)),AND(L49="sks>10",L48="")),((IF('LAMPIRAN I DONE'!$F$21="Tenaga Pengajar",0.5,IF(OR('LAMPIRAN I DONE'!$F$21="Asisten Ahli",'LAMPIRAN I DONE'!$F$21="Lektor",'LAMPIRAN I DONE'!$F$21="Lektor Kepala",'LAMPIRAN I DONE'!$F$21="Guru Besar"),1,"")))&" "&(IF('LAMPIRAN I DONE'!$F$21="Tenaga Pengajar",0.25,IF(OR('LAMPIRAN I DONE'!$F$21="Asisten Ahli",'LAMPIRAN I DONE'!$F$21="Lektor",'LAMPIRAN I DONE'!$F$21="Lektor Kepala",'LAMPIRAN I DONE'!$F$21="Guru Besar"),0.5,"")))),((IF(OR(AND(L49="sks>10",L48="sks>10"),AND(L49="sks>10",L48="sks<=10")),IF('LAMPIRAN I DONE'!$F$21="Tenaga Pengajar",0.25,IF(OR('LAMPIRAN I DONE'!$F$21="Asisten Ahli",'LAMPIRAN I DONE'!$F$21="Lektor",'LAMPIRAN I DONE'!$F$21="Lektor Kepala",'LAMPIRAN I DONE'!$F$21="Guru Besar"),0.5,"")),IF('LAMPIRAN I DONE'!$F$21="Tenaga Pengajar",0.5,IF(OR('LAMPIRAN I DONE'!$F$21="Asisten Ahli",'LAMPIRAN I DONE'!$F$21="Lektor",'LAMPIRAN I DONE'!$F$21="Lektor Kepala",'LAMPIRAN I DONE'!$F$21="Guru Besar"),1,""))))))),"") | G49: =IF(K49<>"rumus",(IF(OR(AND(L49="sks>10",L48="sks<=10",IFERROR(SUMPRODUCT($I$45:I48,$J$45:J48)<10,FALSE)),AND(L49="sks>10",L48="")),(((10-SUMPRODUCT($I$45:I48,$J$45:J48))&" x "&1&" x "&IF('LAMPIRAN I DONE'!$F$21="Tenaga Pengajar",0.5,IF(OR('LAMPIRAN I DONE'!$F$21="Asisten Ahli",'LAMPIRAN I DONE'!$F$21="Lektor",'LAMPIRAN I DONE'!$F$21="Lektor Kepala",'LAMPIRAN I DONE'!$F$21="Guru Besar"),1,""))&" = "&((10-SUMPRODUCT($I$45:I48,$J$45:J48))*IF('LAMPIRAN I DONE'!$F$21="Tenaga Pengajar",0.5,IF(OR('LAMPIRAN I DONE'!$F$21="Asisten Ahli",'LAMPIRAN I DONE'!$F$21="Lektor",'LAMPIRAN I DONE'!$F$21="Lektor Kepala",'LAMPIRAN I DONE'!$F$21="Guru Besar"),1,""))))&" "&(((I49*J49)-(10-SUMPRODUCT($I$45:I48,$J$45:J48)))&" x "&1&" x "&IF('LAMPIRAN I DONE'!$F$21="Tenaga Pengajar",0.25,IF(OR('LAMPIRAN I DONE'!$F$21="Asisten Ahli",'LAMPIRAN I DONE'!$F$21="Lektor",'LAMPIRAN I DONE'!$F$21="Lektor Kepala",'LAMPIRAN I DONE'!$F$21="Guru Besar"),0.5,""))&" = "&(((I49*J49)-(10-SUMPRODUCT($I$45:I48,$J$45:J48)))*IF('LAMPIRAN I DONE'!$F$21="Tenaga Pengajar",0.25,IF(OR('LAMPIRAN I DONE'!$F$21="Asisten Ahli",'LAMPIRAN I DONE'!$F$21="Lektor",'LAMPIRAN I DONE'!$F$21="Lektor Kepala",'LAMPIRAN I DONE'!$F$21="Guru Besar"),0.5,""))))),(I49&" x "&J49&" x "&(IF(OR(AND(L49="sks>10",L48="sks>10"),AND(L49="sks>10",L48="sks<=10")),IF('LAMPIRAN I DONE'!$F$21="Tenaga Pengajar",0.25,IF(OR('LAMPIRAN I DONE'!$F$21="Asisten Ahli",'LAMPIRAN I DONE'!$F$21="Lektor",'LAMPIRAN I DONE'!$F$21="Lektor Kepala",'LAMPIRAN I DONE'!$F$21="Guru Besar"),0.5,"")),IF('LAMPIRAN I DONE'!$F$21="Tenaga Pengajar",0.5,IF(OR('LAMPIRAN I DONE'!$F$21="Asisten Ahli",'LAMPIRAN I DONE'!$F$21="Lektor",'LAMPIRAN I DONE'!$F$21="Lektor Kepala",'LAMPIRAN I DONE'!$F$21="Guru Besar"),1,""))))&" = "&K49))),"rumus") -> rumus | H49: ( Isikan Nomor SK dengan lengkap) | K49: =IF(AND(I49<>"",J49<>""),(IF(OR(AND(L49="sks>10",L48="sks<=10",IFERROR(SUMPRODUCT($I$45:I48,$J$45:J48)<10,FALSE)),AND(L49="sks>10",L48="")),(((10-SUMPRODUCT($I$45:I48,$J$45:J48))*IF('LAMPIRAN I DONE'!$F$21="Tenaga Pengajar",0.5,IF(OR('LAMPIRAN I DONE'!$F$21="Asisten Ahli",'LAMPIRAN I DONE'!$F$21="Lektor",'LAMPIRAN I DONE'!$F$21="Lektor Kepala",'LAMPIRAN I DONE'!$F$21="Guru Besar"),1,"")))+(((I49*J49)-(10-SUMPRODUCT($I$45:I48,$J$45:J48)))*IF('LAMPIRAN I DONE'!$F$21="Tenaga Pengajar",0.25,IF(OR('LAMPIRAN I DONE'!$F$21="Asisten Ahli",'LAMPIRAN I DONE'!$F$21="Lektor",'LAMPIRAN I DONE'!$F$21="Lektor Kepala",'LAMPIRAN I DONE'!$F$21="Guru Besar"),0.5,"")))),IF(OR(AND(L49="sks>10",L48="sks>10"),AND(L49="sks>10",L48="sks<=10")),I49*J49*IF('LAMPIRAN I DONE'!$F$21="Tenaga Pengajar",0.25,IF(OR('LAMPIRAN I DONE'!$F$21="Asisten Ahli",'LAMPIRAN I DONE'!$F$21="Lektor",'LAMPIRAN I DONE'!$F$21="Lektor Kepala",'LAMPIRAN I DONE'!$F$21="Guru Besar"),0.5,"")),I49*J49*IF('LAMPIRAN I DONE'!$F$21="Tenaga Pengajar",0.5,IF(OR('LAMPIRAN I DONE'!$F$21="Asisten Ahli",'LAMPIRAN I DONE'!$F$21="Lektor",'LAMPIRAN I DONE'!$F$21="Lektor Kepala",'LAMPIRAN I DONE'!$F$21="Guru Besar"),1,""))))),"rumus") -> rumus | L49: =IF(AND(I49<>"",J49<>""),(IF(SUMPRODUCT($I$46:I49,$J$46:J49)<=10,"SKS<=10",IF(SUMPRODUCT($I$46:I49,$J$46:J49)>10,"SKS>10",""))),"rumus") -> rumus
A50: 5 | B50: nama mk, sks, kls | C50: 2013/2014 | D50: =IF(G50<>"rumus","SKS","") | E50: =IF(K50<>"rumus",(IF(OR(AND(L50="sks>10",L49="sks<=10",IFERROR(SUMPRODUCT($I$45:I49,$J$45:J49)<10,FALSE)),AND(L50="sks>10",L49="")),(((10-SUMPRODUCT($I$45:I49,$J$45:J49))&" x "&1)&" "&(((I50*J50)-(10-SUMPRODUCT($I$45:I49,$J$45:J49)))&" x "&1)),(I50&" x "&J50))),"") | F50: =IF(K50<>"rumus",(IF(OR(AND(L50="sks>10",L49="sks<=10",IFERROR(SUMPRODUCT($I$45:I49,$J$45:J49)<10,FALSE)),AND(L50="sks>10",L49="")),((IF('LAMPIRAN I DONE'!$F$21="Tenaga Pengajar",0.5,IF(OR('LAMPIRAN I DONE'!$F$21="Asisten Ahli",'LAMPIRAN I DONE'!$F$21="Lektor",'LAMPIRAN I DONE'!$F$21="Lektor Kepala",'LAMPIRAN I DONE'!$F$21="Guru Besar"),1,"")))&" "&(IF('LAMPIRAN I DONE'!$F$21="Tenaga Pengajar",0.25,IF(OR('LAMPIRAN I DONE'!$F$21="Asisten Ahli",'LAMPIRAN I DONE'!$F$21="Lektor",'LAMPIRAN I DONE'!$F$21="Lektor Kepala",'LAMPIRAN I DONE'!$F$21="Guru Besar"),0.5,"")))),((IF(OR(AND(L50="sks>10",L49="sks>10"),AND(L50="sks>10",L49="sks<=10")),IF('LAMPIRAN I DONE'!$F$21="Tenaga Pengajar",0.25,IF(OR('LAMPIRAN I DONE'!$F$21="Asisten Ahli",'LAMPIRAN I DONE'!$F$21="Lektor",'LAMPIRAN I DONE'!$F$21="Lektor Kepala",'LAMPIRAN I DONE'!$F$21="Guru Besar"),0.5,"")),IF('LAMPIRAN I DONE'!$F$21="Tenaga Pengajar",0.5,IF(OR('LAMPIRAN I DONE'!$F$21="Asisten Ahli",'LAMPIRAN I DONE'!$F$21="Lektor",'LAMPIRAN I DONE'!$F$21="Lektor Kepala",'LAMPIRAN I DONE'!$F$21="Guru Besar"),1,""))))))),"") | G50: =IF(K50<>"rumus",(IF(OR(AND(L50="sks>10",L49="sks<=10",IFERROR(SUMPRODUCT($I$45:I49,$J$45:J49)<10,FALSE)),AND(L50="sks>10",L49="")),(((10-SUMPRODUCT($I$45:I49,$J$45:J49))&" x "&1&" x "&IF('LAMPIRAN I DONE'!$F$21="Tenaga Pengajar",0.5,IF(OR('LAMPIRAN I DONE'!$F$21="Asisten Ahli",'LAMPIRAN I DONE'!$F$21="Lektor",'LAMPIRAN I DONE'!$F$21="Lektor Kepala",'LAMPIRAN I DONE'!$F$21="Guru Besar"),1,""))&" = "&((10-SUMPRODUCT($I$45:I49,$J$45:J49))*IF('LAMPIRAN I DONE'!$F$21="Tenaga Pengajar",0.5,IF(OR('LAMPIRAN I DONE'!$F$21="Asisten Ahli",'LAMPIRAN I DONE'!$F$21="Lektor",'LAMPIRAN I DONE'!$F$21="Lektor Kepala",'LAMPIRAN I DONE'!$F$21="Guru Besar"),1,""))))&" "&(((I50*J50)-(10-SUMPRODUCT($I$45:I49,$J$45:J49)))&" x "&1&" x "&IF('LAMPIRAN I DONE'!$F$21="Tenaga Pengajar",0.25,IF(OR('LAMPIRAN I DONE'!$F$21="Asisten Ahli",'LAMPIRAN I DONE'!$F$21="Lektor",'LAMPIRAN I DONE'!$F$21="Lektor Kepala",'LAMPIRAN I DONE'!$F$21="Guru Besar"),0.5,""))&" = "&(((I50*J50)-(10-SUMPRODUCT($I$45:I49,$J$45:J49)))*IF('LAMPIRAN I DONE'!$F$21="Tenaga Pengajar",0.25,IF(OR('LAMPIRAN I DONE'!$F$21="Asisten Ahli",'LAMPIRAN I DONE'!$F$21="Lektor",'LAMPIRAN I DONE'!$F$21="Lektor Kepala",'LAMPIRAN I DONE'!$F$21="Guru Besar"),0.5,""))))),(I50&" x "&J50&" x "&(IF(OR(AND(L50="sks>10",L49="sks>10"),AND(L50="sks>10",L49="sks<=10")),IF('LAMPIRAN I DONE'!$F$21="Tenaga Pengajar",0.25,IF(OR('LAMPIRAN I DONE'!$F$21="Asisten Ahli",'LAMPIRAN I DONE'!$F$21="Lektor",'LAMPIRAN I DONE'!$F$21="Lektor Kepala",'LAMPIRAN I DONE'!$F$21="Guru Besar"),0.5,"")),IF('LAMPIRAN I DONE'!$F$21="Tenaga Pengajar",0.5,IF(OR('LAMPIRAN I DONE'!$F$21="Asisten Ahli",'LAMPIRAN I DONE'!$F$21="Lektor",'LAMPIRAN I DONE'!$F$21="Lektor Kepala",'LAMPIRAN I DONE'!$F$21="Guru Besar"),1,""))))&" = "&K50))),"rumus") -> rumus | H50: ( Isikan Nomor SK dengan lengkap) | K50: =IF(AND(I50<>"",J50<>""),(IF(OR(AND(L50="sks>10",L49="sks<=10",IFERROR(SUMPRODUCT($I$45:I49,$J$45:J49)<10,FALSE)),AND(L50="sks>10",L49="")),(((10-SUMPRODUCT($I$45:I49,$J$45:J49))*IF('LAMPIRAN I DONE'!$F$21="Tenaga Pengajar",0.5,IF(OR('LAMPIRAN I DONE'!$F$21="Asisten Ahli",'LAMPIRAN I DONE'!$F$21="Lektor",'LAMPIRAN I DONE'!$F$21="Lektor Kepala",'LAMPIRAN I DONE'!$F$21="Guru Besar"),1,"")))+(((I50*J50)-(10-SUMPRODUCT($I$45:I49,$J$45:J49)))*IF('LAMPIRAN I DONE'!$F$21="Tenaga Pengajar",0.25,IF(OR('LAMPIRAN I DONE'!$F$21="Asisten Ahli",'LAMPIRAN I DONE'!$F$21="Lektor",'LAMPIRAN I DONE'!$F$21="Lektor Kepala",'LAMPIRAN I DONE'!$F$21="Guru Besar"),0.5,"")))),IF(OR(AND(L50="sks>10",L49="sks>10"),AND(L50="sks>10",L49="sks<=10")),I50*J50*IF('LAMPIRAN I DONE'!$F$21="Tenaga Pengajar",0.25,IF(OR('LAMPIRAN I DONE'!$F$21="Asisten Ahli",'LAMPIRAN I DONE'!$F$21="Lektor",'LAMPIRAN I DONE'!$F$21="Lektor Kepala",'LAMPIRAN I DONE'!$F$21="Guru Besar"),0.5,"")),I50*J50*IF('LAMPIRAN I DONE'!$F$21="Tenaga Pengajar",0.5,IF(OR('LAMPIRAN I DONE'!$F$21="Asisten Ahli",'LAMPIRAN I DONE'!$F$21="Lektor",'LAMPIRAN I DONE'!$F$21="Lektor Kepala",'LAMPIRAN I DONE'!$F$21="Guru Besar"),1,""))))),"rumus") -> rumus | L50: =IF(AND(I50<>"",J50<>""),(IF(SUMPRODUCT($I$46:I50,$J$46:J50)<=10,"SKS<=10",IF(SUMPRODUCT($I$46:I50,$J$46:J50)>10,"SKS>10",""))),"rumus") -> rumus
A51: 6 | B51: nama mk, sks, kls | C51: 2013/2014 | D51: =IF(G51<>"rumus","SKS","") | E51: =IF(K51<>"rumus",(IF(OR(AND(L51="sks>10",L50="sks<=10",IFERROR(SUMPRODUCT($I$45:I50,$J$45:J50)<10,FALSE)),AND(L51="sks>10",L50="")),(((10-SUMPRODUCT($I$45:I50,$J$45:J50))&" x "&1)&" "&(((I51*J51)-(10-SUMPRODUCT($I$45:I50,$J$45:J50)))&" x "&1)),(I51&" x "&J51))),"") | F51: =IF(K51<>"rumus",(IF(OR(AND(L51="sks>10",L50="sks<=10",IFERROR(SUMPRODUCT($I$45:I50,$J$45:J50)<10,FALSE)),AND(L51="sks>10",L50="")),((IF('LAMPIRAN I DONE'!$F$21="Tenaga Pengajar",0.5,IF(OR('LAMPIRAN I DONE'!$F$21="Asisten Ahli",'LAMPIRAN I DONE'!$F$21="Lektor",'LAMPIRAN I DONE'!$F$21="Lektor Kepala",'LAMPIRAN I DONE'!$F$21="Guru Besar"),1,"")))&" "&(IF('LAMPIRAN I DONE'!$F$21="Tenaga Pengajar",0.25,IF(OR('LAMPIRAN I DONE'!$F$21="Asisten Ahli",'LAMPIRAN I DONE'!$F$21="Lektor",'LAMPIRAN I DONE'!$F$21="Lektor Kepala",'LAMPIRAN I DONE'!$F$21="Guru Besar"),0.5,"")))),((IF(OR(AND(L51="sks>10",L50="sks>10"),AND(L51="sks>10",L50="sks<=10")),IF('LAMPIRAN I DONE'!$F$21="Tenaga Pengajar",0.25,IF(OR('LAMPIRAN I DONE'!$F$21="Asisten Ahli",'LAMPIRAN I DONE'!$F$21="Lektor",'LAMPIRAN I DONE'!$F$21="Lektor Kepala",'LAMPIRAN I DONE'!$F$21="Guru Besar"),0.5,"")),IF('LAMPIRAN I DONE'!$F$21="Tenaga Pengajar",0.5,IF(OR('LAMPIRAN I DONE'!$F$21="Asisten Ahli",'LAMPIRAN I DONE'!$F$21="Lektor",'LAMPIRAN I DONE'!$F$21="Lektor Kepala",'LAMPIRAN I DONE'!$F$21="Guru Besar"),1,""))))))),"") | G51: =IF(K51<>"rumus",(IF(OR(AND(L51="sks>10",L50="sks<=10",IFERROR(SUMPRODUCT($I$45:I50,$J$45:J50)<10,FALSE)),AND(L51="sks>10",L50="")),(((10-SUMPRODUCT($I$45:I50,$J$45:J50))&" x "&1&" x "&IF('LAMPIRAN I DONE'!$F$21="Tenaga Pengajar",0.5,IF(OR('LAMPIRAN I DONE'!$F$21="Asisten Ahli",'LAMPIRAN I DONE'!$F$21="Lektor",'LAMPIRAN I DONE'!$F$21="Lektor Kepala",'LAMPIRAN I DONE'!$F$21="Guru Besar"),1,""))&" = "&((10-SUMPRODUCT($I$45:I50,$J$45:J50))*IF('LAMPIRAN I DONE'!$F$21="Tenaga Pengajar",0.5,IF(OR('LAMPIRAN I DONE'!$F$21="Asisten Ahli",'LAMPIRAN I DONE'!$F$21="Lektor",'LAMPIRAN I DONE'!$F$21="Lektor Kepala",'LAMPIRAN I DONE'!$F$21="Guru Besar"),1,""))))&" "&(((I51*J51)-(10-SUMPRODUCT($I$45:I50,$J$45:J50)))&" x "&1&" x "&IF('LAMPIRAN I DONE'!$F$21="Tenaga Pengajar",0.25,IF(OR('LAMPIRAN I DONE'!$F$21="Asisten Ahli",'LAMPIRAN I DONE'!$F$21="Lektor",'LAMPIRAN I DONE'!$F$21="Lektor Kepala",'LAMPIRAN I DONE'!$F$21="Guru Besar"),0.5,""))&" = "&(((I51*J51)-(10-SUMPRODUCT($I$45:I50,$J$45:J50)))*IF('LAMPIRAN I DONE'!$F$21="Tenaga Pengajar",0.25,IF(OR('LAMPIRAN I DONE'!$F$21="Asisten Ahli",'LAMPIRAN I DONE'!$F$21="Lektor",'LAMPIRAN I DONE'!$F$21="Lektor Kepala",'LAMPIRAN I DONE'!$F$21="Guru Besar"),0.5,""))))),(I51&" x "&J51&" x "&(IF(OR(AND(L51="sks>10",L50="sks>10"),AND(L51="sks>10",L50="sks<=10")),IF('LAMPIRAN I DONE'!$F$21="Tenaga Pengajar",0.25,IF(OR('LAMPIRAN I DONE'!$F$21="Asisten Ahli",'LAMPIRAN I DONE'!$F$21="Lektor",'LAMPIRAN I DONE'!$F$21="Lektor Kepala",'LAMPIRAN I DONE'!$F$21="Guru Besar"),0.5,"")),IF('LAMPIRAN I DONE'!$F$21="Tenaga Pengajar",0.5,IF(OR('LAMPIRAN I DONE'!$F$21="Asisten Ahli",'LAMPIRAN I DONE'!$F$21="Lektor",'LAMPIRAN I DONE'!$F$21="Lektor Kepala",'LAMPIRAN I DONE'!$F$21="Guru Besar"),1,""))))&" = "&K51))),"rumus") -> rumus | H51: ( Isikan Nomor SK dengan lengkap) | K51: =IF(AND(I51<>"",J51<>""),(IF(OR(AND(L51="sks>10",L50="sks<=10",IFERROR(SUMPRODUCT($I$45:I50,$J$45:J50)<10,FALSE)),AND(L51="sks>10",L50="")),(((10-SUMPRODUCT($I$45:I50,$J$45:J50))*IF('LAMPIRAN I DONE'!$F$21="Tenaga Pengajar",0.5,IF(OR('LAMPIRAN I DONE'!$F$21="Asisten Ahli",'LAMPIRAN I DONE'!$F$21="Lektor",'LAMPIRAN I DONE'!$F$21="Lektor Kepala",'LAMPIRAN I DONE'!$F$21="Guru Besar"),1,"")))+(((I51*J51)-(10-SUMPRODUCT($I$45:I50,$J$45:J50)))*IF('LAMPIRAN I DONE'!$F$21="Tenaga Pengajar",0.25,IF(OR('LAMPIRAN I DONE'!$F$21="Asisten Ahli",'LAMPIRAN I DONE'!$F$21="Lektor",'LAMPIRAN I DONE'!$F$21="Lektor Kepala",'LAMPIRAN I DONE'!$F$21="Guru Besar"),0.5,"")))),IF(OR(AND(L51="sks>10",L50="sks>10"),AND(L51="sks>10",L50="sks<=10")),I51*J51*IF('LAMPIRAN I DONE'!$F$21="Tenaga Pengajar",0.25,IF(OR('LAMPIRAN I DONE'!$F$21="Asisten Ahli",'LAMPIRAN I DONE'!$F$21="Lektor",'LAMPIRAN I DONE'!$F$21="Lektor Kepala",'LAMPIRAN I DONE'!$F$21="Guru Besar"),0.5,"")),I51*J51*IF('LAMPIRAN I DONE'!$F$21="Tenaga Pengajar",0.5,IF(OR('LAMPIRAN I DONE'!$F$21="Asisten Ahli",'LAMPIRAN I DONE'!$F$21="Lektor",'LAMPIRAN I DONE'!$F$21="Lektor Kepala",'LAMPIRAN I DONE'!$F$21="Guru Besar"),1,""))))),"rumus") -> rumus | L51: =IF(AND(I51<>"",J51<>""),(IF(SUMPRODUCT($I$46:I51,$J$46:J51)<=10,"SKS<=10",IF(SUMPRODUCT($I$46:I51,$J$46:J51)>10,"SKS>10",""))),"rumus") -> rumus
B52: ="a. Semester Gasal "&IF(C53<>"",C53,"")&" :" -> a. Semester Gasal 2014/2015 : | M52: =IF((AND(N52="Max 5,5",SUM(K46:K51)<=5.5)),SUM(K46:K51),IF((AND(N52="Max 5,5",SUM(K46:K51)>5.5)),5.5,IF((AND(N52="Max 11",SUM(K46:K51)<=11)),SUM(K46:K51),IF((AND(N52="Max 11",SUM(K46:K51)>11)),11,"")))) -> 8 | N52: =IF('LAMPIRAN I DONE'!$F$21="Tenaga Pengajar","Max 5,5",IF(OR('LAMPIRAN I DONE'!$F$21="Asisten Ahli",'LAMPIRAN I DONE'!$F$21="Lektor",'LAMPIRAN I DONE'!$F$21="Lektor Kepala",'LAMPIRAN I DONE'!$F$21="Guru Besar"),"Max 11","")) -> Max 11
A53: 1 | B53: MI1264 Dasar Algoritma dan Pemrograman, 4sks, 2 kls | C53: 2014/2015 | D53: =IF(G53<>"rumus","SKS","") -> SKS | E53: =IF(K53<>"rumus",(IF(OR(AND(L53="sks>10",L52="sks<=10",IFERROR(SUMPRODUCT($I$52:I52,$J$52:J52)<10,FALSE)),AND(L53="sks>10",L52="")),(((10-SUMPRODUCT($I$52:I52,$J$52:J52))&" x "&1)&" "&(((I53*J53)-(10-SUMPRODUCT($I$52:I52,$J$52:J52)))&" x "&1)),(I53&" x "&J53))),"") -> 4 x 2 | F53: =IF(K53<>"rumus",(IF(OR(AND(L53="sks>10",L52="sks<=10",IFERROR(SUMPRODUCT($I$52:I52,$J$52:J52)<10,FALSE)),AND(L53="sks>10",L52="")),((IF('LAMPIRAN I DONE'!$F$21="Tenaga Pengajar",0.5,IF(OR('LAMPIRAN I DONE'!$F$21="Asisten Ahli",'LAMPIRAN I DONE'!$F$21="Lektor",'LAMPIRAN I DONE'!$F$21="Lektor Kepala",'LAMPIRAN I DONE'!$F$21="Guru Besar"),1,"")))&" "&(IF('LAMPIRAN I DONE'!$F$21="Tenaga Pengajar",0.25,IF(OR('LAMPIRAN I DONE'!$F$21="Asisten Ahli",'LAMPIRAN I DONE'!$F$21="Lektor",'LAMPIRAN I DONE'!$F$21="Lektor Kepala",'LAMPIRAN I DONE'!$F$21="Guru Besar"),0.5,"")))),((IF(OR(AND(L53="sks>10",L52="sks>10"),AND(L53="sks>10",L52="sks<=10")),IF('LAMPIRAN I DONE'!$F$21="Tenaga Pengajar",0.25,IF(OR('LAMPIRAN I DONE'!$F$21="Asisten Ahli",'LAMPIRAN I DONE'!$F$21="Lektor",'LAMPIRAN I DONE'!$F$21="Lektor Kepala",'LAMPIRAN I DONE'!$F$21="Guru Besar"),0.5,"")),IF('LAMPIRAN I DONE'!$F$21="Tenaga Pengajar",0.5,IF(OR('LAMPIRAN I DONE'!$F$21="Asisten Ahli",'LAMPIRAN I DONE'!$F$21="Lektor",'LAMPIRAN I DONE'!$F$21="Lektor Kepala",'LAMPIRAN I DONE'!$F$21="Guru Besar"),1,""))))))),"") -> 1 | G53: =IF(K53<>"rumus",(IF(OR(AND(L53="sks>10",L52="sks<=10",IFERROR(SUMPRODUCT($I$52:I52,$J$52:J52)<10,FALSE)),AND(L53="sks>10",L52="")),(((10-SUMPRODUCT($I$52:I52,$J$52:J52))&" x "&1&" x "&IF('LAMPIRAN I DONE'!$F$21="Tenaga Pengajar",0.5,IF(OR('LAMPIRAN I DONE'!$F$21="Asisten Ahli",'LAMPIRAN I DONE'!$F$21="Lektor",'LAMPIRAN I DONE'!$F$21="Lektor Kepala",'LAMPIRAN I DONE'!$F$21="Guru Besar"),1,""))&" = "&((10-SUMPRODUCT($I$52:I52,$J$52:J52))*IF('LAMPIRAN I DONE'!$F$21="Tenaga Pengajar",0.5,IF(OR('LAMPIRAN I DONE'!$F$21="Asisten Ahli",'LAMPIRAN I DONE'!$F$21="Lektor",'LAMPIRAN I DONE'!$F$21="Lektor Kepala",'LAMPIRAN I DONE'!$F$21="Guru Besar"),1,""))))&" "&(((I53*J53)-(10-SUMPRODUCT($I$52:I52,$J$52:J52)))&" x "&1&" x "&IF('LAMPIRAN I DONE'!$F$21="Tenaga Pengajar",0.25,IF(OR('LAMPIRAN I DONE'!$F$21="Asisten Ahli",'LAMPIRAN I DONE'!$F$21="Lektor",'LAMPIRAN I DONE'!$F$21="Lektor Kepala",'LAMPIRAN I DONE'!$F$21="Guru Besar"),0.5,""))&" = "&(((I53*J53)-(10-SUMPRODUCT($I$52:I52,$J$52:J52)))*IF('LAMPIRAN I DONE'!$F$21="Tenaga Pengajar",0.25,IF(OR('LAMPIRAN I DONE'!$F$21="Asisten Ahli",'LAMPIRAN I DONE'!$F$21="Lektor",'LAMPIRAN I DONE'!$F$21="Lektor Kepala",'LAMPIRAN I DONE'!$F$21="Guru Besar"),0.5,""))))),(I53&" x "&J53&" x "&(IF(OR(AND(L53="sks>10",L52="sks>10"),AND(L53="sks>10",L52="sks<=10")),IF('LAMPIRAN I DONE'!$F$21="Tenaga Pengajar",0.25,IF(OR('LAMPIRAN I DONE'!$F$21="Asisten Ahli",'LAMPIRAN I DONE'!$F$21="Lektor",'LAMPIRAN I DONE'!$F$21="Lektor Kepala",'LAMPIRAN I DONE'!$F$21="Guru Besar"),0.5,"")),IF('LAMPIRAN I DONE'!$F$21="Tenaga Pengajar",0.5,IF(OR('LAMPIRAN I DONE'!$F$21="Asisten Ahli",'LAMPIRAN I DONE'!$F$21="Lektor",'LAMPIRAN I DONE'!$F$21="Lektor Kepala",'LAMPIRAN I DONE'!$F$21="Guru Besar"),1,""))))&" = "&K53))),"rumus") -> 4 x 2 x 1 = 8 | H53: NOMOR : KR. 091/AKD18/FIT.0/14 | I53: 4 | J53: 2 | K53: =IF(AND(I53<>"",J53<>""),(IF(OR(AND(L53="sks>10",L52="sks<=10",IFERROR(SUMPRODUCT($I$52:I52,$J$52:J52)<10,FALSE)),AND(L53="sks>10",L52="")),(((10-SUMPRODUCT($I$52:I52,$J$52:J52))*IF('LAMPIRAN I DONE'!$F$21="Tenaga Pengajar",0.5,IF(OR('LAMPIRAN I DONE'!$F$21="Asisten Ahli",'LAMPIRAN I DONE'!$F$21="Lektor",'LAMPIRAN I DONE'!$F$21="Lektor Kepala",'LAMPIRAN I DONE'!$F$21="Guru Besar"),1,"")))+(((I53*J53)-(10-SUMPRODUCT($I$52:I52,$J$52:J52)))*IF('LAMPIRAN I DONE'!$F$21="Tenaga Pengajar",0.25,IF(OR('LAMPIRAN I DONE'!$F$21="Asisten Ahli",'LAMPIRAN I DONE'!$F$21="Lektor",'LAMPIRAN I DONE'!$F$21="Lektor Kepala",'LAMPIRAN I DONE'!$F$21="Guru Besar"),0.5,"")))),IF(OR(AND(L53="sks>10",L52="sks>10"),AND(L53="sks>10",L52="sks<=10")),I53*J53*IF('LAMPIRAN I DONE'!$F$21="Tenaga Pengajar",0.25,IF(OR('LAMPIRAN I DONE'!$F$21="Asisten Ahli",'LAMPIRAN I DONE'!$F$21="Lektor",'LAMPIRAN I DONE'!$F$21="Lektor Kepala",'LAMPIRAN I DONE'!$F$21="Guru Besar"),0.5,"")),I53*J53*IF('LAMPIRAN I DONE'!$F$21="Tenaga Pengajar",0.5,IF(OR('LAMPIRAN I DONE'!$F$21="Asisten Ahli",'LAMPIRAN I DONE'!$F$21="Lektor",'LAMPIRAN I DONE'!$F$21="Lektor Kepala",'LAMPIRAN I DONE'!$F$21="Guru Besar"),1,""))))),"rumus") -> 8 | L53: =IF(AND(I53<>"",J53<>""),(IF(SUMPRODUCT($I$53:I53,$J$53:J53)<=10,"SKS<=10",IF(SUMPRODUCT($I$53:I53,$J$53:J53)>10,"SKS>10",""))),"rumus") -> SKS<=10
A54: 2 | B54: nama mk, sks, kls | C54: 2014/2015 | D54: =IF(G54<>"rumus","SKS","") | E54: =IF(K54<>"rumus",(IF(OR(AND(L54="sks>10",L53="sks<=10",IFERROR(SUMPRODUCT($I$52:I53,$J$52:J53)<10,FALSE)),AND(L54="sks>10",L53="")),(((10-SUMPRODUCT($I$52:I53,$J$52:J53))&" x "&1)&" "&(((I54*J54)-(10-SUMPRODUCT($I$52:I53,$J$52:J53)))&" x "&1)),(I54&" x "&J54))),"") | F54: =IF(K54<>"rumus",(IF(OR(AND(L54="sks>10",L53="sks<=10",IFERROR(SUMPRODUCT($I$52:I53,$J$52:J53)<10,FALSE)),AND(L54="sks>10",L53="")),((IF('LAMPIRAN I DONE'!$F$21="Tenaga Pengajar",0.5,IF(OR('LAMPIRAN I DONE'!$F$21="Asisten Ahli",'LAMPIRAN I DONE'!$F$21="Lektor",'LAMPIRAN I DONE'!$F$21="Lektor Kepala",'LAMPIRAN I DONE'!$F$21="Guru Besar"),1,"")))&" "&(IF('LAMPIRAN I DONE'!$F$21="Tenaga Pengajar",0.25,IF(OR('LAMPIRAN I DONE'!$F$21="Asisten Ahli",'LAMPIRAN I DONE'!$F$21="Lektor",'LAMPIRAN I DONE'!$F$21="Lektor Kepala",'LAMPIRAN I DONE'!$F$21="Guru Besar"),0.5,"")))),((IF(OR(AND(L54="sks>10",L53="sks>10"),AND(L54="sks>10",L53="sks<=10")),IF('LAMPIRAN I DONE'!$F$21="Tenaga Pengajar",0.25,IF(OR('LAMPIRAN I DONE'!$F$21="Asisten Ahli",'LAMPIRAN I DONE'!$F$21="Lektor",'LAMPIRAN I DONE'!$F$21="Lektor Kepala",'LAMPIRAN I DONE'!$F$21="Guru Besar"),0.5,"")),IF('LAMPIRAN I DONE'!$F$21="Tenaga Pengajar",0.5,IF(OR('LAMPIRAN I DONE'!$F$21="Asisten Ahli",'LAMPIRAN I DONE'!$F$21="Lektor",'LAMPIRAN I DONE'!$F$21="Lektor Kepala",'LAMPIRAN I DONE'!$F$21="Guru Besar"),1,""))))))),"") | G54: =IF(K54<>"rumus",(IF(OR(AND(L54="sks>10",L53="sks<=10",IFERROR(SUMPRODUCT($I$52:I53,$J$52:J53)<10,FALSE)),AND(L54="sks>10",L53="")),(((10-SUMPRODUCT($I$52:I53,$J$52:J53))&" x "&1&" x "&IF('LAMPIRAN I DONE'!$F$21="Tenaga Pengajar",0.5,IF(OR('LAMPIRAN I DONE'!$F$21="Asisten Ahli",'LAMPIRAN I DONE'!$F$21="Lektor",'LAMPIRAN I DONE'!$F$21="Lektor Kepala",'LAMPIRAN I DONE'!$F$21="Guru Besar"),1,""))&" = "&((10-SUMPRODUCT($I$52:I53,$J$52:J53))*IF('LAMPIRAN I DONE'!$F$21="Tenaga Pengajar",0.5,IF(OR('LAMPIRAN I DONE'!$F$21="Asisten Ahli",'LAMPIRAN I DONE'!$F$21="Lektor",'LAMPIRAN I DONE'!$F$21="Lektor Kepala",'LAMPIRAN I DONE'!$F$21="Guru Besar"),1,""))))&" "&(((I54*J54)-(10-SUMPRODUCT($I$52:I53,$J$52:J53)))&" x "&1&" x "&IF('LAMPIRAN I DONE'!$F$21="Tenaga Pengajar",0.25,IF(OR('LAMPIRAN I DONE'!$F$21="Asisten Ahli",'LAMPIRAN I DONE'!$F$21="Lektor",'LAMPIRAN I DONE'!$F$21="Lektor Kepala",'LAMPIRAN I DONE'!$F$21="Guru Besar"),0.5,""))&" = "&(((I54*J54)-(10-SUMPRODUCT($I$52:I53,$J$52:J53)))*IF('LAMPIRAN I DONE'!$F$21="Tenaga Pengajar",0.25,IF(OR('LAMPIRAN I DONE'!$F$21="Asisten Ahli",'LAMPIRAN I DONE'!$F$21="Lektor",'LAMPIRAN I DONE'!$F$21="Lektor Kepala",'LAMPIRAN I DONE'!$F$21="Guru Besar"),0.5,""))))),(I54&" x "&J54&" x "&(IF(OR(AND(L54="sks>10",L53="sks>10"),AND(L54="sks>10",L53="sks<=10")),IF('LAMPIRAN I DONE'!$F$21="Tenaga Pengajar",0.25,IF(OR('LAMPIRAN I DONE'!$F$21="Asisten Ahli",'LAMPIRAN I DONE'!$F$21="Lektor",'LAMPIRAN I DONE'!$F$21="Lektor Kepala",'LAMPIRAN I DONE'!$F$21="Guru Besar"),0.5,"")),IF('LAMPIRAN I DONE'!$F$21="Tenaga Pengajar",0.5,IF(OR('LAMPIRAN I DONE'!$F$21="Asisten Ahli",'LAMPIRAN I DONE'!$F$21="Lektor",'LAMPIRAN I DONE'!$F$21="Lektor Kepala",'LAMPIRAN I DONE'!$F$21="Guru Besar"),1,""))))&" = "&K54))),"rumus") -> rumus | H54: ( Isikan Nomor SK dengan lengkap) | K54: =IF(AND(I54<>"",J54<>""),(IF(OR(AND(L54="sks>10",L53="sks<=10",IFERROR(SUMPRODUCT($I$52:I53,$J$52:J53)<10,FALSE)),AND(L54="sks>10",L53="")),(((10-SUMPRODUCT($I$52:I53,$J$52:J53))*IF('LAMPIRAN I DONE'!$F$21="Tenaga Pengajar",0.5,IF(OR('LAMPIRAN I DONE'!$F$21="Asisten Ahli",'LAMPIRAN I DONE'!$F$21="Lektor",'LAMPIRAN I DONE'!$F$21="Lektor Kepala",'LAMPIRAN I DONE'!$F$21="Guru Besar"),1,"")))+(((I54*J54)-(10-SUMPRODUCT($I$52:I53,$J$52:J53)))*IF('LAMPIRAN I DONE'!$F$21="Tenaga Pengajar",0.25,IF(OR('LAMPIRAN I DONE'!$F$21="Asisten Ahli",'LAMPIRAN I DONE'!$F$21="Lektor",'LAMPIRAN I DONE'!$F$21="Lektor Kepala",'LAMPIRAN I DONE'!$F$21="Guru Besar"),0.5,"")))),IF(OR(AND(L54="sks>10",L53="sks>10"),AND(L54="sks>10",L53="sks<=10")),I54*J54*IF('LAMPIRAN I DONE'!$F$21="Tenaga Pengajar",0.25,IF(OR('LAMPIRAN I DONE'!$F$21="Asisten Ahli",'LAMPIRAN I DONE'!$F$21="Lektor",'LAMPIRAN I DONE'!$F$21="Lektor Kepala",'LAMPIRAN I DONE'!$F$21="Guru Besar"),0.5,"")),I54*J54*IF('LAMPIRAN I DONE'!$F$21="Tenaga Pengajar",0.5,IF(OR('LAMPIRAN I DONE'!$F$21="Asisten Ahli",'LAMPIRAN I DONE'!$F$21="Lektor",'LAMPIRAN I DONE'!$F$21="Lektor Kepala",'LAMPIRAN I DONE'!$F$21="Guru Besar"),1,""))))),"rumus") -> rumus | L54: =IF(AND(I54<>"",J54<>""),(IF(SUMPRODUCT($I$53:I54,$J$53:J54)<=10,"SKS<=10",IF(SUMPRODUCT($I$53:I54,$J$53:J54)>10,"SKS>10",""))),"rumus") -> rumus
A55: 3 | B55: nama mk, sks, kls | C55: 2014/2015 | D55: =IF(G55<>"rumus","SKS","") | E55: =IF(K55<>"rumus",(IF(OR(AND(L55="sks>10",L54="sks<=10",IFERROR(SUMPRODUCT($I$52:I54,$J$52:J54)<10,FALSE)),AND(L55="sks>10",L54="")),(((10-SUMPRODUCT($I$52:I54,$J$52:J54))&" x "&1)&" "&(((I55*J55)-(10-SUMPRODUCT($I$52:I54,$J$52:J54)))&" x "&1)),(I55&" x "&J55))),"") | F55: =IF(K55<>"rumus",(IF(OR(AND(L55="sks>10",L54="sks<=10",IFERROR(SUMPRODUCT($I$52:I54,$J$52:J54)<10,FALSE)),AND(L55="sks>10",L54="")),((IF('LAMPIRAN I DONE'!$F$21="Tenaga Pengajar",0.5,IF(OR('LAMPIRAN I DONE'!$F$21="Asisten Ahli",'LAMPIRAN I DONE'!$F$21="Lektor",'LAMPIRAN I DONE'!$F$21="Lektor Kepala",'LAMPIRAN I DONE'!$F$21="Guru Besar"),1,"")))&" "&(IF('LAMPIRAN I DONE'!$F$21="Tenaga Pengajar",0.25,IF(OR('LAMPIRAN I DONE'!$F$21="Asisten Ahli",'LAMPIRAN I DONE'!$F$21="Lektor",'LAMPIRAN I DONE'!$F$21="Lektor Kepala",'LAMPIRAN I DONE'!$F$21="Guru Besar"),0.5,"")))),((IF(OR(AND(L55="sks>10",L54="sks>10"),AND(L55="sks>10",L54="sks<=10")),IF('LAMPIRAN I DONE'!$F$21="Tenaga Pengajar",0.25,IF(OR('LAMPIRAN I DONE'!$F$21="Asisten Ahli",'LAMPIRAN I DONE'!$F$21="Lektor",'LAMPIRAN I DONE'!$F$21="Lektor Kepala",'LAMPIRAN I DONE'!$F$21="Guru Besar"),0.5,"")),IF('LAMPIRAN I DONE'!$F$21="Tenaga Pengajar",0.5,IF(OR('LAMPIRAN I DONE'!$F$21="Asisten Ahli",'LAMPIRAN I DONE'!$F$21="Lektor",'LAMPIRAN I DONE'!$F$21="Lektor Kepala",'LAMPIRAN I DONE'!$F$21="Guru Besar"),1,""))))))),"") | G55: =IF(K55<>"rumus",(IF(OR(AND(L55="sks>10",L54="sks<=10",IFERROR(SUMPRODUCT($I$52:I54,$J$52:J54)<10,FALSE)),AND(L55="sks>10",L54="")),(((10-SUMPRODUCT($I$52:I54,$J$52:J54))&" x "&1&" x "&IF('LAMPIRAN I DONE'!$F$21="Tenaga Pengajar",0.5,IF(OR('LAMPIRAN I DONE'!$F$21="Asisten Ahli",'LAMPIRAN I DONE'!$F$21="Lektor",'LAMPIRAN I DONE'!$F$21="Lektor Kepala",'LAMPIRAN I DONE'!$F$21="Guru Besar"),1,""))&" = "&((10-SUMPRODUCT($I$52:I54,$J$52:J54))*IF('LAMPIRAN I DONE'!$F$21="Tenaga Pengajar",0.5,IF(OR('LAMPIRAN I DONE'!$F$21="Asisten Ahli",'LAMPIRAN I DONE'!$F$21="Lektor",'LAMPIRAN I DONE'!$F$21="Lektor Kepala",'LAMPIRAN I DONE'!$F$21="Guru Besar"),1,""))))&" "&(((I55*J55)-(10-SUMPRODUCT($I$52:I54,$J$52:J54)))&" x "&1&" x "&IF('LAMPIRAN I DONE'!$F$21="Tenaga Pengajar",0.25,IF(OR('LAMPIRAN I DONE'!$F$21="Asisten Ahli",'LAMPIRAN I DONE'!$F$21="Lektor",'LAMPIRAN I DONE'!$F$21="Lektor Kepala",'LAMPIRAN I DONE'!$F$21="Guru Besar"),0.5,""))&" = "&(((I55*J55)-(10-SUMPRODUCT($I$52:I54,$J$52:J54)))*IF('LAMPIRAN I DONE'!$F$21="Tenaga Pengajar",0.25,IF(OR('LAMPIRAN I DONE'!$F$21="Asisten Ahli",'LAMPIRAN I DONE'!$F$21="Lektor",'LAMPIRAN I DONE'!$F$21="Lektor Kepala",'LAMPIRAN I DONE'!$F$21="Guru Besar"),0.5,""))))),(I55&" x "&J55&" x "&(IF(OR(AND(L55="sks>10",L54="sks>10"),AND(L55="sks>10",L54="sks<=10")),IF('LAMPIRAN I DONE'!$F$21="Tenaga Pengajar",0.25,IF(OR('LAMPIRAN I DONE'!$F$21="Asisten Ahli",'LAMPIRAN I DONE'!$F$21="Lektor",'LAMPIRAN I DONE'!$F$21="Lektor Kepala",'LAMPIRAN I DONE'!$F$21="Guru Besar"),0.5,"")),IF('LAMPIRAN I DONE'!$F$21="Tenaga Pengajar",0.5,IF(OR('LAMPIRAN I DONE'!$F$21="Asisten Ahli",'LAMPIRAN I DONE'!$F$21="Lektor",'LAMPIRAN I DONE'!$F$21="Lektor Kepala",'LAMPIRAN I DONE'!$F$21="Guru Besar"),1,""))))&" = "&K55))),"rumus") -> rumus | H55: ( Isikan Nomor SK dengan lengkap) | K55: =IF(AND(I55<>"",J55<>""),(IF(OR(AND(L55="sks>10",L54="sks<=10",IFERROR(SUMPRODUCT($I$52:I54,$J$52:J54)<10,FALSE)),AND(L55="sks>10",L54="")),(((10-SUMPRODUCT($I$52:I54,$J$52:J54))*IF('LAMPIRAN I DONE'!$F$21="Tenaga Pengajar",0.5,IF(OR('LAMPIRAN I DONE'!$F$21="Asisten Ahli",'LAMPIRAN I DONE'!$F$21="Lektor",'LAMPIRAN I DONE'!$F$21="Lektor Kepala",'LAMPIRAN I DONE'!$F$21="Guru Besar"),1,"")))+(((I55*J55)-(10-SUMPRODUCT($I$52:I54,$J$52:J54)))*IF('LAMPIRAN I DONE'!$F$21="Tenaga Pengajar",0.25,IF(OR('LAMPIRAN I DONE'!$F$21="Asisten Ahli",'LAMPIRAN I DONE'!$F$21="Lektor",'LAMPIRAN I DONE'!$F$21="Lektor Kepala",'LAMPIRAN I DONE'!$F$21="Guru Besar"),0.5,"")))),IF(OR(AND(L55="sks>10",L54="sks>10"),AND(L55="sks>10",L54="sks<=10")),I55*J55*IF('LAMPIRAN I DONE'!$F$21="Tenaga Pengajar",0.25,IF(OR('LAMPIRAN I DONE'!$F$21="Asisten Ahli",'LAMPIRAN I DONE'!$F$21="Lektor",'LAMPIRAN I DONE'!$F$21="Lektor Kepala",'LAMPIRAN I DONE'!$F$21="Guru Besar"),0.5,"")),I55*J55*IF('LAMPIRAN I DONE'!$F$21="Tenaga Pengajar",0.5,IF(OR('LAMPIRAN I DONE'!$F$21="Asisten Ahli",'LAMPIRAN I DONE'!$F$21="Lektor",'LAMPIRAN I DONE'!$F$21="Lektor Kepala",'LAMPIRAN I DONE'!$F$21="Guru Besar"),1,""))))),"rumus") -> rumus | L55: =IF(AND(I55<>"",J55<>""),(IF(SUMPRODUCT($I$53:I55,$J$53:J55)<=10,"SKS<=10",IF(SUMPRODUCT($I$53:I55,$J$53:J55)>10,"SKS>10",""))),"rumus") -> rumus
A56: 4 | B56: nama mk, sks, kls | C56: 2014/2015 | D56: =IF(G56<>"rumus","SKS","") | E56: =IF(K56<>"rumus",(IF(OR(AND(L56="sks>10",L55="sks<=10",IFERROR(SUMPRODUCT($I$52:I55,$J$52:J55)<10,FALSE)),AND(L56="sks>10",L55="")),(((10-SUMPRODUCT($I$52:I55,$J$52:J55))&" x "&1)&" "&(((I56*J56)-(10-SUMPRODUCT($I$52:I55,$J$52:J55)))&" x "&1)),(I56&" x "&J56))),"") | F56: =IF(K56<>"rumus",(IF(OR(AND(L56="sks>10",L55="sks<=10",IFERROR(SUMPRODUCT($I$52:I55,$J$52:J55)<10,FALSE)),AND(L56="sks>10",L55="")),((IF('LAMPIRAN I DONE'!$F$21="Tenaga Pengajar",0.5,IF(OR('LAMPIRAN I DONE'!$F$21="Asisten Ahli",'LAMPIRAN I DONE'!$F$21="Lektor",'LAMPIRAN I DONE'!$F$21="Lektor Kepala",'LAMPIRAN I DONE'!$F$21="Guru Besar"),1,"")))&" "&(IF('LAMPIRAN I DONE'!$F$21="Tenaga Pengajar",0.25,IF(OR('LAMPIRAN I DONE'!$F$21="Asisten Ahli",'LAMPIRAN I DONE'!$F$21="Lektor",'LAMPIRAN I DONE'!$F$21="Lektor Kepala",'LAMPIRAN I DONE'!$F$21="Guru Besar"),0.5,"")))),((IF(OR(AND(L56="sks>10",L55="sks>10"),AND(L56="sks>10",L55="sks<=10")),IF('LAMPIRAN I DONE'!$F$21="Tenaga Pengajar",0.25,IF(OR('LAMPIRAN I DONE'!$F$21="Asisten Ahli",'LAMPIRAN I DONE'!$F$21="Lektor",'LAMPIRAN I DONE'!$F$21="Lektor Kepala",'LAMPIRAN I DONE'!$F$21="Guru Besar"),0.5,"")),IF('LAMPIRAN I DONE'!$F$21="Tenaga Pengajar",0.5,IF(OR('LAMPIRAN I DONE'!$F$21="Asisten Ahli",'LAMPIRAN I DONE'!$F$21="Lektor",'LAMPIRAN I DONE'!$F$21="Lektor Kepala",'LAMPIRAN I DONE'!$F$21="Guru Besar"),1,""))))))),"") | G56: =IF(K56<>"rumus",(IF(OR(AND(L56="sks>10",L55="sks<=10",IFERROR(SUMPRODUCT($I$52:I55,$J$52:J55)<10,FALSE)),AND(L56="sks>10",L55="")),(((10-SUMPRODUCT($I$52:I55,$J$52:J55))&" x "&1&" x "&IF('LAMPIRAN I DONE'!$F$21="Tenaga Pengajar",0.5,IF(OR('LAMPIRAN I DONE'!$F$21="Asisten Ahli",'LAMPIRAN I DONE'!$F$21="Lektor",'LAMPIRAN I DONE'!$F$21="Lektor Kepala",'LAMPIRAN I DONE'!$F$21="Guru Besar"),1,""))&" = "&((10-SUMPRODUCT($I$52:I55,$J$52:J55))*IF('LAMPIRAN I DONE'!$F$21="Tenaga Pengajar",0.5,IF(OR('LAMPIRAN I DONE'!$F$21="Asisten Ahli",'LAMPIRAN I DONE'!$F$21="Lektor",'LAMPIRAN I DONE'!$F$21="Lektor Kepala",'LAMPIRAN I DONE'!$F$21="Guru Besar"),1,""))))&" "&(((I56*J56)-(10-SUMPRODUCT($I$52:I55,$J$52:J55)))&" x "&1&" x "&IF('LAMPIRAN I DONE'!$F$21="Tenaga Pengajar",0.25,IF(OR('LAMPIRAN I DONE'!$F$21="Asisten Ahli",'LAMPIRAN I DONE'!$F$21="Lektor",'LAMPIRAN I DONE'!$F$21="Lektor Kepala",'LAMPIRAN I DONE'!$F$21="Guru Besar"),0.5,""))&" = "&(((I56*J56)-(10-SUMPRODUCT($I$52:I55,$J$52:J55)))*IF('LAMPIRAN I DONE'!$F$21="Tenaga Pengajar",0.25,IF(OR('LAMPIRAN I DONE'!$F$21="Asisten Ahli",'LAMPIRAN I DONE'!$F$21="Lektor",'LAMPIRAN I DONE'!$F$21="Lektor Kepala",'LAMPIRAN I DONE'!$F$21="Guru Besar"),0.5,""))))),(I56&" x "&J56&" x "&(IF(OR(AND(L56="sks>10",L55="sks>10"),AND(L56="sks>10",L55="sks<=10")),IF('LAMPIRAN I DONE'!$F$21="Tenaga Pengajar",0.25,IF(OR('LAMPIRAN I DONE'!$F$21="Asisten Ahli",'LAMPIRAN I DONE'!$F$21="Lektor",'LAMPIRAN I DONE'!$F$21="Lektor Kepala",'LAMPIRAN I DONE'!$F$21="Guru Besar"),0.5,"")),IF('LAMPIRAN I DONE'!$F$21="Tenaga Pengajar",0.5,IF(OR('LAMPIRAN I DONE'!$F$21="Asisten Ahli",'LAMPIRAN I DONE'!$F$21="Lektor",'LAMPIRAN I DONE'!$F$21="Lektor Kepala",'LAMPIRAN I DONE'!$F$21="Guru Besar"),1,""))))&" = "&K56))),"rumus") -> rumus | H56: ( Isikan Nomor SK dengan lengkap) | K56: =IF(AND(I56<>"",J56<>""),(IF(OR(AND(L56="sks>10",L55="sks<=10",IFERROR(SUMPRODUCT($I$52:I55,$J$52:J55)<10,FALSE)),AND(L56="sks>10",L55="")),(((10-SUMPRODUCT($I$52:I55,$J$52:J55))*IF('LAMPIRAN I DONE'!$F$21="Tenaga Pengajar",0.5,IF(OR('LAMPIRAN I DONE'!$F$21="Asisten Ahli",'LAMPIRAN I DONE'!$F$21="Lektor",'LAMPIRAN I DONE'!$F$21="Lektor Kepala",'LAMPIRAN I DONE'!$F$21="Guru Besar"),1,"")))+(((I56*J56)-(10-SUMPRODUCT($I$52:I55,$J$52:J55)))*IF('LAMPIRAN I DONE'!$F$21="Tenaga Pengajar",0.25,IF(OR('LAMPIRAN I DONE'!$F$21="Asisten Ahli",'LAMPIRAN I DONE'!$F$21="Lektor",'LAMPIRAN I DONE'!$F$21="Lektor Kepala",'LAMPIRAN I DONE'!$F$21="Guru Besar"),0.5,"")))),IF(OR(AND(L56="sks>10",L55="sks>10"),AND(L56="sks>10",L55="sks<=10")),I56*J56*IF('LAMPIRAN I DONE'!$F$21="Tenaga Pengajar",0.25,IF(OR('LAMPIRAN I DONE'!$F$21="Asisten Ahli",'LAMPIRAN I DONE'!$F$21="Lektor",'LAMPIRAN I DONE'!$F$21="Lektor Kepala",'LAMPIRAN I DONE'!$F$21="Guru Besar"),0.5,"")),I56*J56*IF('LAMPIRAN I DONE'!$F$21="Tenaga Pengajar",0.5,IF(OR('LAMPIRAN I DONE'!$F$21="Asisten Ahli",'LAMPIRAN I DONE'!$F$21="Lektor",'LAMPIRAN I DONE'!$F$21="Lektor Kepala",'LAMPIRAN I DONE'!$F$21="Guru Besar"),1,""))))),"rumus") -> rumus | L56: =IF(AND(I56<>"",J56<>""),(IF(SUMPRODUCT($I$53:I56,$J$53:J56)<=10,"SKS<=10",IF(SUMPRODUCT($I$53:I56,$J$53:J56)>10,"SKS>10",""))),"rumus") -> rumus
A57: 5 | B57: nama mk, sks, kls | C57: 2014/2015 | D57: =IF(G57<>"rumus","SKS","") | E57: =IF(K57<>"rumus",(IF(OR(AND(L57="sks>10",L56="sks<=10",IFERROR(SUMPRODUCT($I$52:I56,$J$52:J56)<10,FALSE)),AND(L57="sks>10",L56="")),(((10-SUMPRODUCT($I$52:I56,$J$52:J56))&" x "&1)&" "&(((I57*J57)-(10-SUMPRODUCT($I$52:I56,$J$52:J56)))&" x "&1)),(I57&" x "&J57))),"") | F57: =IF(K57<>"rumus",(IF(OR(AND(L57="sks>10",L56="sks<=10",IFERROR(SUMPRODUCT($I$52:I56,$J$52:J56)<10,FALSE)),AND(L57="sks>10",L56="")),((IF('LAMPIRAN I DONE'!$F$21="Tenaga Pengajar",0.5,IF(OR('LAMPIRAN I DONE'!$F$21="Asisten Ahli",'LAMPIRAN I DONE'!$F$21="Lektor",'LAMPIRAN I DONE'!$F$21="Lektor Kepala",'LAMPIRAN I DONE'!$F$21="Guru Besar"),1,"")))&" "&(IF('LAMPIRAN I DONE'!$F$21="Tenaga Pengajar",0.25,IF(OR('LAMPIRAN I DONE'!$F$21="Asisten Ahli",'LAMPIRAN I DONE'!$F$21="Lektor",'LAMPIRAN I DONE'!$F$21="Lektor Kepala",'LAMPIRAN I DONE'!$F$21="Guru Besar"),0.5,"")))),((IF(OR(AND(L57="sks>10",L56="sks>10"),AND(L57="sks>10",L56="sks<=10")),IF('LAMPIRAN I DONE'!$F$21="Tenaga Pengajar",0.25,IF(OR('LAMPIRAN I DONE'!$F$21="Asisten Ahli",'LAMPIRAN I DONE'!$F$21="Lektor",'LAMPIRAN I DONE'!$F$21="Lektor Kepala",'LAMPIRAN I DONE'!$F$21="Guru Besar"),0.5,"")),IF('LAMPIRAN I DONE'!$F$21="Tenaga Pengajar",0.5,IF(OR('LAMPIRAN I DONE'!$F$21="Asisten Ahli",'LAMPIRAN I DONE'!$F$21="Lektor",'LAMPIRAN I DONE'!$F$21="Lektor Kepala",'LAMPIRAN I DONE'!$F$21="Guru Besar"),1,""))))))),"") | G57: =IF(K57<>"rumus",(IF(OR(AND(L57="sks>10",L56="sks<=10",IFERROR(SUMPRODUCT($I$52:I56,$J$52:J56)<10,FALSE)),AND(L57="sks>10",L56="")),(((10-SUMPRODUCT($I$52:I56,$J$52:J56))&" x "&1&" x "&IF('LAMPIRAN I DONE'!$F$21="Tenaga Pengajar",0.5,IF(OR('LAMPIRAN I DONE'!$F$21="Asisten Ahli",'LAMPIRAN I DONE'!$F$21="Lektor",'LAMPIRAN I DONE'!$F$21="Lektor Kepala",'LAMPIRAN I DONE'!$F$21="Guru Besar"),1,""))&" = "&((10-SUMPRODUCT($I$52:I56,$J$52:J56))*IF('LAMPIRAN I DONE'!$F$21="Tenaga Pengajar",0.5,IF(OR('LAMPIRAN I DONE'!$F$21="Asisten Ahli",'LAMPIRAN I DONE'!$F$21="Lektor",'LAMPIRAN I DONE'!$F$21="Lektor Kepala",'LAMPIRAN I DONE'!$F$21="Guru Besar"),1,""))))&" "&(((I57*J57)-(10-SUMPRODUCT($I$52:I56,$J$52:J56)))&" x "&1&" x "&IF('LAMPIRAN I DONE'!$F$21="Tenaga Pengajar",0.25,IF(OR('LAMPIRAN I DONE'!$F$21="Asisten Ahli",'LAMPIRAN I DONE'!$F$21="Lektor",'LAMPIRAN I DONE'!$F$21="Lektor Kepala",'LAMPIRAN I DONE'!$F$21="Guru Besar"),0.5,""))&" = "&(((I57*J57)-(10-SUMPRODUCT($I$52:I56,$J$52:J56)))*IF('LAMPIRAN I DONE'!$F$21="Tenaga Pengajar",0.25,IF(OR('LAMPIRAN I DONE'!$F$21="Asisten Ahli",'LAMPIRAN I DONE'!$F$21="Lektor",'LAMPIRAN I DONE'!$F$21="Lektor Kepala",'LAMPIRAN I DONE'!$F$21="Guru Besar"),0.5,""))))),(I57&" x "&J57&" x "&(IF(OR(AND(L57="sks>10",L56="sks>10"),AND(L57="sks>10",L56="sks<=10")),IF('LAMPIRAN I DONE'!$F$21="Tenaga Pengajar",0.25,IF(OR('LAMPIRAN I DONE'!$F$21="Asisten Ahli",'LAMPIRAN I DONE'!$F$21="Lektor",'LAMPIRAN I DONE'!$F$21="Lektor Kepala",'LAMPIRAN I DONE'!$F$21="Guru Besar"),0.5,"")),IF('LAMPIRAN I DONE'!$F$21="Tenaga Pengajar",0.5,IF(OR('LAMPIRAN I DONE'!$F$21="Asisten Ahli",'LAMPIRAN I DONE'!$F$21="Lektor",'LAMPIRAN I DONE'!$F$21="Lektor Kepala",'LAMPIRAN I DONE'!$F$21="Guru Besar"),1,""))))&" = "&K57))),"rumus") -> rumus | H57: ( Isikan Nomor SK dengan lengkap) | K57: =IF(AND(I57<>"",J57<>""),(IF(OR(AND(L57="sks>10",L56="sks<=10",IFERROR(SUMPRODUCT($I$52:I56,$J$52:J56)<10,FALSE)),AND(L57="sks>10",L56="")),(((10-SUMPRODUCT($I$52:I56,$J$52:J56))*IF('LAMPIRAN I DONE'!$F$21="Tenaga Pengajar",0.5,IF(OR('LAMPIRAN I DONE'!$F$21="Asisten Ahli",'LAMPIRAN I DONE'!$F$21="Lektor",'LAMPIRAN I DONE'!$F$21="Lektor Kepala",'LAMPIRAN I DONE'!$F$21="Guru Besar"),1,"")))+(((I57*J57)-(10-SUMPRODUCT($I$52:I56,$J$52:J56)))*IF('LAMPIRAN I DONE'!$F$21="Tenaga Pengajar",0.25,IF(OR('LAMPIRAN I DONE'!$F$21="Asisten Ahli",'LAMPIRAN I DONE'!$F$21="Lektor",'LAMPIRAN I DONE'!$F$21="Lektor Kepala",'LAMPIRAN I DONE'!$F$21="Guru Besar"),0.5,"")))),IF(OR(AND(L57="sks>10",L56="sks>10"),AND(L57="sks>10",L56="sks<=10")),I57*J57*IF('LAMPIRAN I DONE'!$F$21="Tenaga Pengajar",0.25,IF(OR('LAMPIRAN I DONE'!$F$21="Asisten Ahli",'LAMPIRAN I DONE'!$F$21="Lektor",'LAMPIRAN I DONE'!$F$21="Lektor Kepala",'LAMPIRAN I DONE'!$F$21="Guru Besar"),0.5,"")),I57*J57*IF('LAMPIRAN I DONE'!$F$21="Tenaga Pengajar",0.5,IF(OR('LAMPIRAN I DONE'!$F$21="Asisten Ahli",'LAMPIRAN I DONE'!$F$21="Lektor",'LAMPIRAN I DONE'!$F$21="Lektor Kepala",'LAMPIRAN I DONE'!$F$21="Guru Besar"),1,""))))),"rumus") -> rumus | L57: =IF(AND(I57<>"",J57<>""),(IF(SUMPRODUCT($I$53:I57,$J$53:J57)<=10,"SKS<=10",IF(SUMPRODUCT($I$53:I57,$J$53:J57)>10,"SKS>10",""))),"rumus") -> rumus
A58: 6 | B58: nama mk, sks, kls | C58: 2014/2015 | D58: =IF(G58<>"rumus","SKS","") | E58: =IF(K58<>"rumus",(IF(OR(AND(L58="sks>10",L57="sks<=10",IFERROR(SUMPRODUCT($I$52:I57,$J$52:J57)<10,FALSE)),AND(L58="sks>10",L57="")),(((10-SUMPRODUCT($I$52:I57,$J$52:J57))&" x "&1)&" "&(((I58*J58)-(10-SUMPRODUCT($I$52:I57,$J$52:J57)))&" x "&1)),(I58&" x "&J58))),"") | F58: =IF(K58<>"rumus",(IF(OR(AND(L58="sks>10",L57="sks<=10",IFERROR(SUMPRODUCT($I$52:I57,$J$52:J57)<10,FALSE)),AND(L58="sks>10",L57="")),((IF('LAMPIRAN I DONE'!$F$21="Tenaga Pengajar",0.5,IF(OR('LAMPIRAN I DONE'!$F$21="Asisten Ahli",'LAMPIRAN I DONE'!$F$21="Lektor",'LAMPIRAN I DONE'!$F$21="Lektor Kepala",'LAMPIRAN I DONE'!$F$21="Guru Besar"),1,"")))&" "&(IF('LAMPIRAN I DONE'!$F$21="Tenaga Pengajar",0.25,IF(OR('LAMPIRAN I DONE'!$F$21="Asisten Ahli",'LAMPIRAN I DONE'!$F$21="Lektor",'LAMPIRAN I DONE'!$F$21="Lektor Kepala",'LAMPIRAN I DONE'!$F$21="Guru Besar"),0.5,"")))),((IF(OR(AND(L58="sks>10",L57="sks>10"),AND(L58="sks>10",L57="sks<=10")),IF('LAMPIRAN I DONE'!$F$21="Tenaga Pengajar",0.25,IF(OR('LAMPIRAN I DONE'!$F$21="Asisten Ahli",'LAMPIRAN I DONE'!$F$21="Lektor",'LAMPIRAN I DONE'!$F$21="Lektor Kepala",'LAMPIRAN I DONE'!$F$21="Guru Besar"),0.5,"")),IF('LAMPIRAN I DONE'!$F$21="Tenaga Pengajar",0.5,IF(OR('LAMPIRAN I DONE'!$F$21="Asisten Ahli",'LAMPIRAN I DONE'!$F$21="Lektor",'LAMPIRAN I DONE'!$F$21="Lektor Kepala",'LAMPIRAN I DONE'!$F$21="Guru Besar"),1,""))))))),"") | G58: =IF(K58<>"rumus",(IF(OR(AND(L58="sks>10",L57="sks<=10",IFERROR(SUMPRODUCT($I$52:I57,$J$52:J57)<10,FALSE)),AND(L58="sks>10",L57="")),(((10-SUMPRODUCT($I$52:I57,$J$52:J57))&" x "&1&" x "&IF('LAMPIRAN I DONE'!$F$21="Tenaga Pengajar",0.5,IF(OR('LAMPIRAN I DONE'!$F$21="Asisten Ahli",'LAMPIRAN I DONE'!$F$21="Lektor",'LAMPIRAN I DONE'!$F$21="Lektor Kepala",'LAMPIRAN I DONE'!$F$21="Guru Besar"),1,""))&" = "&((10-SUMPRODUCT($I$52:I57,$J$52:J57))*IF('LAMPIRAN I DONE'!$F$21="Tenaga Pengajar",0.5,IF(OR('LAMPIRAN I DONE'!$F$21="Asisten Ahli",'LAMPIRAN I DONE'!$F$21="Lektor",'LAMPIRAN I DONE'!$F$21="Lektor Kepala",'LAMPIRAN I DONE'!$F$21="Guru Besar"),1,""))))&" "&(((I58*J58)-(10-SUMPRODUCT($I$52:I57,$J$52:J57)))&" x "&1&" x "&IF('LAMPIRAN I DONE'!$F$21="Tenaga Pengajar",0.25,IF(OR('LAMPIRAN I DONE'!$F$21="Asisten Ahli",'LAMPIRAN I DONE'!$F$21="Lektor",'LAMPIRAN I DONE'!$F$21="Lektor Kepala",'LAMPIRAN I DONE'!$F$21="Guru Besar"),0.5,""))&" = "&(((I58*J58)-(10-SUMPRODUCT($I$52:I57,$J$52:J57)))*IF('LAMPIRAN I DONE'!$F$21="Tenaga Pengajar",0.25,IF(OR('LAMPIRAN I DONE'!$F$21="Asisten Ahli",'LAMPIRAN I DONE'!$F$21="Lektor",'LAMPIRAN I DONE'!$F$21="Lektor Kepala",'LAMPIRAN I DONE'!$F$21="Guru Besar"),0.5,""))))),(I58&" x "&J58&" x "&(IF(OR(AND(L58="sks>10",L57="sks>10"),AND(L58="sks>10",L57="sks<=10")),IF('LAMPIRAN I DONE'!$F$21="Tenaga Pengajar",0.25,IF(OR('LAMPIRAN I DONE'!$F$21="Asisten Ahli",'LAMPIRAN I DONE'!$F$21="Lektor",'LAMPIRAN I DONE'!$F$21="Lektor Kepala",'LAMPIRAN I DONE'!$F$21="Guru Besar"),0.5,"")),IF('LAMPIRAN I DONE'!$F$21="Tenaga Pengajar",0.5,IF(OR('LAMPIRAN I DONE'!$F$21="Asisten Ahli",'LAMPIRAN I DONE'!$F$21="Lektor",'LAMPIRAN I DONE'!$F$21="Lektor Kepala",'LAMPIRAN I DONE'!$F$21="Guru Besar"),1,""))))&" = "&K58))),"rumus") -> rumus | H58: ( Isikan Nomor SK dengan lengkap) | K58: =IF(AND(I58<>"",J58<>""),(IF(OR(AND(L58="sks>10",L57="sks<=10",IFERROR(SUMPRODUCT($I$52:I57,$J$52:J57)<10,FALSE)),AND(L58="sks>10",L57="")),(((10-SUMPRODUCT($I$52:I57,$J$52:J57))*IF('LAMPIRAN I DONE'!$F$21="Tenaga Pengajar",0.5,IF(OR('LAMPIRAN I DONE'!$F$21="Asisten Ahli",'LAMPIRAN I DONE'!$F$21="Lektor",'LAMPIRAN I DONE'!$F$21="Lektor Kepala",'LAMPIRAN I DONE'!$F$21="Guru Besar"),1,"")))+(((I58*J58)-(10-SUMPRODUCT($I$52:I57,$J$52:J57)))*IF('LAMPIRAN I DONE'!$F$21="Tenaga Pengajar",0.25,IF(OR('LAMPIRAN I DONE'!$F$21="Asisten Ahli",'LAMPIRAN I DONE'!$F$21="Lektor",'LAMPIRAN I DONE'!$F$21="Lektor Kepala",'LAMPIRAN I DONE'!$F$21="Guru Besar"),0.5,"")))),IF(OR(AND(L58="sks>10",L57="sks>10"),AND(L58="sks>10",L57="sks<=10")),I58*J58*IF('LAMPIRAN I DONE'!$F$21="Tenaga Pengajar",0.25,IF(OR('LAMPIRAN I DONE'!$F$21="Asisten Ahli",'LAMPIRAN I DONE'!$F$21="Lektor",'LAMPIRAN I DONE'!$F$21="Lektor Kepala",'LAMPIRAN I DONE'!$F$21="Guru Besar"),0.5,"")),I58*J58*IF('LAMPIRAN I DONE'!$F$21="Tenaga Pengajar",0.5,IF(OR('LAMPIRAN I DONE'!$F$21="Asisten Ahli",'LAMPIRAN I DONE'!$F$21="Lektor",'LAMPIRAN I DONE'!$F$21="Lektor Kepala",'LAMPIRAN I DONE'!$F$21="Guru Besar"),1,""))))),"rumus") -> rumus | L58: =IF(AND(I58<>"",J58<>""),(IF(SUMPRODUCT($I$53:I58,$J$53:J58)<=10,"SKS<=10",IF(SUMPRODUCT($I$53:I58,$J$53:J58)>10,"SKS>10",""))),"rumus") -> rumus
B59: ="a. Semester Gasal "&IF(C60<>"",C60,"")&" :" -> a. Semester Gasal 2015/2016 : | M59: =IF((AND(N59="Max 5,5",SUM(K53:K58)<=5.5)),SUM(K53:K58),IF((AND(N59="Max 5,5",SUM(K53:K58)>5.5)),5.5,IF((AND(N59="Max 11",SUM(K53:K58)<=11)),SUM(K53:K58),IF((AND(N59="Max 11",SUM(K53:K58)>11)),11,"")))) -> 8 | N59: =IF('LAMPIRAN I DONE'!$F$21="Tenaga Pengajar","Max 5,5",IF(OR('LAMPIRAN I DONE'!$F$21="Asisten Ahli",'LAMPIRAN I DONE'!$F$21="Lektor",'LAMPIRAN I DONE'!$F$21="Lektor Kepala",'LAMPIRAN I DONE'!$F$21="Guru Besar"),"Max 11","")) -> Max 11
A60: 1 | B60: MI1264 Dasar Algoritma dan Pemrograman, 4sks, 2 kls | C60: 2015/2016 | D60: =IF(G60<>"rumus","SKS","") -> SKS | E60: =IF(K60<>"rumus",(IF(OR(AND(L60="sks>10",L59="sks<=10",IFERROR(SUMPRODUCT($I$59:I59,$J$59:J59)<10,FALSE)),AND(L60="sks>10",L59="")),(((10-SUMPRODUCT($I$59:I59,$J$59:J59))&" x "&1)&" "&(((I60*J60)-(10-SUMPRODUCT($I$59:I59,$J$59:J59)))&" x "&1)),(I60&" x "&J60))),"") -> 4 x 2 | F60: =IF(K60<>"rumus",(IF(OR(AND(L60="sks>10",L59="sks<=10",IFERROR(SUMPRODUCT($I$59:I59,$J$59:J59)<10,FALSE)),AND(L60="sks>10",L59="")),((IF('LAMPIRAN I DONE'!$F$21="Tenaga Pengajar",0.5,IF(OR('LAMPIRAN I DONE'!$F$21="Asisten Ahli",'LAMPIRAN I DONE'!$F$21="Lektor",'LAMPIRAN I DONE'!$F$21="Lektor Kepala",'LAMPIRAN I DONE'!$F$21="Guru Besar"),1,"")))&" "&(IF('LAMPIRAN I DONE'!$F$21="Tenaga Pengajar",0.25,IF(OR('LAMPIRAN I DONE'!$F$21="Asisten Ahli",'LAMPIRAN I DONE'!$F$21="Lektor",'LAMPIRAN I DONE'!$F$21="Lektor Kepala",'LAMPIRAN I DONE'!$F$21="Guru Besar"),0.5,"")))),((IF(OR(AND(L60="sks>10",L59="sks>10"),AND(L60="sks>10",L59="sks<=10")),IF('LAMPIRAN I DONE'!$F$21="Tenaga Pengajar",0.25,IF(OR('LAMPIRAN I DONE'!$F$21="Asisten Ahli",'LAMPIRAN I DONE'!$F$21="Lektor",'LAMPIRAN I DONE'!$F$21="Lektor Kepala",'LAMPIRAN I DONE'!$F$21="Guru Besar"),0.5,"")),IF('LAMPIRAN I DONE'!$F$21="Tenaga Pengajar",0.5,IF(OR('LAMPIRAN I DONE'!$F$21="Asisten Ahli",'LAMPIRAN I DONE'!$F$21="Lektor",'LAMPIRAN I DONE'!$F$21="Lektor Kepala",'LAMPIRAN I DONE'!$F$21="Guru Besar"),1,""))))))),"") -> 1 | G60: =IF(K60<>"rumus",(IF(OR(AND(L60="sks>10",L59="sks<=10",IFERROR(SUMPRODUCT($I$59:I59,$J$59:J59)<10,FALSE)),AND(L60="sks>10",L59="")),(((10-SUMPRODUCT($I$59:I59,$J$59:J59))&" x "&1&" x "&IF('LAMPIRAN I DONE'!$F$21="Tenaga Pengajar",0.5,IF(OR('LAMPIRAN I DONE'!$F$21="Asisten Ahli",'LAMPIRAN I DONE'!$F$21="Lektor",'LAMPIRAN I DONE'!$F$21="Lektor Kepala",'LAMPIRAN I DONE'!$F$21="Guru Besar"),1,""))&" = "&((10-SUMPRODUCT($I$59:I59,$J$59:J59))*IF('LAMPIRAN I DONE'!$F$21="Tenaga Pengajar",0.5,IF(OR('LAMPIRAN I DONE'!$F$21="Asisten Ahli",'LAMPIRAN I DONE'!$F$21="Lektor",'LAMPIRAN I DONE'!$F$21="Lektor Kepala",'LAMPIRAN I DONE'!$F$21="Guru Besar"),1,""))))&" "&(((I60*J60)-(10-SUMPRODUCT($I$59:I59,$J$59:J59)))&" x "&1&" x "&IF('LAMPIRAN I DONE'!$F$21="Tenaga Pengajar",0.25,IF(OR('LAMPIRAN I DONE'!$F$21="Asisten Ahli",'LAMPIRAN I DONE'!$F$21="Lektor",'LAMPIRAN I DONE'!$F$21="Lektor Kepala",'LAMPIRAN I DONE'!$F$21="Guru Besar"),0.5,""))&" = "&(((I60*J60)-(10-SUMPRODUCT($I$59:I59,$J$59:J59)))*IF('LAMPIRAN I DONE'!$F$21="Tenaga Pengajar",0.25,IF(OR('LAMPIRAN I DONE'!$F$21="Asisten Ahli",'LAMPIRAN I DONE'!$F$21="Lektor",'LAMPIRAN I DONE'!$F$21="Lektor Kepala",'LAMPIRAN I DONE'!$F$21="Guru Besar"),0.5,""))))),(I60&" x "&J60&" x "&(IF(OR(AND(L60="sks>10",L59="sks>10"),AND(L60="sks>10",L59="sks<=10")),IF('LAMPIRAN I DONE'!$F$21="Tenaga Pengajar",0.25,IF(OR('LAMPIRAN I DONE'!$F$21="Asisten Ahli",'LAMPIRAN I DONE'!$F$21="Lektor",'LAMPIRAN I DONE'!$F$21="Lektor Kepala",'LAMPIRAN I DONE'!$F$21="Guru Besar"),0.5,"")),IF('LAMPIRAN I DONE'!$F$21="Tenaga Pengajar",0.5,IF(OR('LAMPIRAN I DONE'!$F$21="Asisten Ahli",'LAMPIRAN I DONE'!$F$21="Lektor",'LAMPIRAN I DONE'!$F$21="Lektor Kepala",'LAMPIRAN I DONE'!$F$21="Guru Besar"),1,""))))&" = "&K60))),"rumus") -> 4 x 2 x 1 = 8 | H60: NOMOR : 058A/AKD6/IT-DEK/15 | I60: 4 | J60: 2 | K60: =IF(AND(I60<>"",J60<>""),(IF(OR(AND(L60="sks>10",L59="sks<=10",IFERROR(SUMPRODUCT($I$59:I59,$J$59:J59)<10,FALSE)),AND(L60="sks>10",L59="")),(((10-SUMPRODUCT($I$59:I59,$J$59:J59))*IF('LAMPIRAN I DONE'!$F$21="Tenaga Pengajar",0.5,IF(OR('LAMPIRAN I DONE'!$F$21="Asisten Ahli",'LAMPIRAN I DONE'!$F$21="Lektor",'LAMPIRAN I DONE'!$F$21="Lektor Kepala",'LAMPIRAN I DONE'!$F$21="Guru Besar"),1,"")))+(((I60*J60)-(10-SUMPRODUCT($I$59:I59,$J$59:J59)))*IF('LAMPIRAN I DONE'!$F$21="Tenaga Pengajar",0.25,IF(OR('LAMPIRAN I DONE'!$F$21="Asisten Ahli",'LAMPIRAN I DONE'!$F$21="Lektor",'LAMPIRAN I DONE'!$F$21="Lektor Kepala",'LAMPIRAN I DONE'!$F$21="Guru Besar"),0.5,"")))),IF(OR(AND(L60="sks>10",L59="sks>10"),AND(L60="sks>10",L59="sks<=10")),I60*J60*IF('LAMPIRAN I DONE'!$F$21="Tenaga Pengajar",0.25,IF(OR('LAMPIRAN I DONE'!$F$21="Asisten Ahli",'LAMPIRAN I DONE'!$F$21="Lektor",'LAMPIRAN I DONE'!$F$21="Lektor Kepala",'LAMPIRAN I DONE'!$F$21="Guru Besar"),0.5,"")),I60*J60*IF('LAMPIRAN I DONE'!$F$21="Tenaga Pengajar",0.5,IF(OR('LAMPIRAN I DONE'!$F$21="Asisten Ahli",'LAMPIRAN I DONE'!$F$21="Lektor",'LAMPIRAN I DONE'!$F$21="Lektor Kepala",'LAMPIRAN I DONE'!$F$21="Guru Besar"),1,""))))),"rumus") -> 8 | L60: =IF(AND(I60<>"",J60<>""),(IF(SUMPRODUCT($I$60:I60,$J$60:J60)<=10,"SKS<=10",IF(SUMPRODUCT($I$60:I60,$J$60:J60)>10,"SKS>10",""))),"rumus") -> SKS<=10
A61: 2 | B61: nama mk, sks, kls | C61: 2015/2016 | D61: =IF(G61<>"rumus","SKS","") | E61: =IF(K61<>"rumus",(IF(OR(AND(L61="sks>10",L60="sks<=10",IFERROR(SUMPRODUCT($I$59:I60,$J$59:J60)<10,FALSE)),AND(L61="sks>10",L60="")),(((10-SUMPRODUCT($I$59:I60,$J$59:J60))&" x "&1)&" "&(((I61*J61)-(10-SUMPRODUCT($I$59:I60,$J$59:J60)))&" x "&1)),(I61&" x "&J61))),"") | F61: =IF(K61<>"rumus",(IF(OR(AND(L61="sks>10",L60="sks<=10",IFERROR(SUMPRODUCT($I$59:I60,$J$59:J60)<10,FALSE)),AND(L61="sks>10",L60="")),((IF('LAMPIRAN I DONE'!$F$21="Tenaga Pengajar",0.5,IF(OR('LAMPIRAN I DONE'!$F$21="Asisten Ahli",'LAMPIRAN I DONE'!$F$21="Lektor",'LAMPIRAN I DONE'!$F$21="Lektor Kepala",'LAMPIRAN I DONE'!$F$21="Guru Besar"),1,"")))&" "&(IF('LAMPIRAN I DONE'!$F$21="Tenaga Pengajar",0.25,IF(OR('LAMPIRAN I DONE'!$F$21="Asisten Ahli",'LAMPIRAN I DONE'!$F$21="Lektor",'LAMPIRAN I DONE'!$F$21="Lektor Kepala",'LAMPIRAN I DONE'!$F$21="Guru Besar"),0.5,"")))),((IF(OR(AND(L61="sks>10",L60="sks>10"),AND(L61="sks>10",L60="sks<=10")),IF('LAMPIRAN I DONE'!$F$21="Tenaga Pengajar",0.25,IF(OR('LAMPIRAN I DONE'!$F$21="Asisten Ahli",'LAMPIRAN I DONE'!$F$21="Lektor",'LAMPIRAN I DONE'!$F$21="Lektor Kepala",'LAMPIRAN I DONE'!$F$21="Guru Besar"),0.5,"")),IF('LAMPIRAN I DONE'!$F$21="Tenaga Pengajar",0.5,IF(OR('LAMPIRAN I DONE'!$F$21="Asisten Ahli",'LAMPIRAN I DONE'!$F$21="Lektor",'LAMPIRAN I DONE'!$F$21="Lektor Kepala",'LAMPIRAN I DONE'!$F$21="Guru Besar"),1,""))))))),"") | G61: =IF(K61<>"rumus",(IF(OR(AND(L61="sks>10",L60="sks<=10",IFERROR(SUMPRODUCT($I$59:I60,$J$59:J60)<10,FALSE)),AND(L61="sks>10",L60="")),(((10-SUMPRODUCT($I$59:I60,$J$59:J60))&" x "&1&" x "&IF('LAMPIRAN I DONE'!$F$21="Tenaga Pengajar",0.5,IF(OR('LAMPIRAN I DONE'!$F$21="Asisten Ahli",'LAMPIRAN I DONE'!$F$21="Lektor",'LAMPIRAN I DONE'!$F$21="Lektor Kepala",'LAMPIRAN I DONE'!$F$21="Guru Besar"),1,""))&" = "&((10-SUMPRODUCT($I$59:I60,$J$59:J60))*IF('LAMPIRAN I DONE'!$F$21="Tenaga Pengajar",0.5,IF(OR('LAMPIRAN I DONE'!$F$21="Asisten Ahli",'LAMPIRAN I DONE'!$F$21="Lektor",'LAMPIRAN I DONE'!$F$21="Lektor Kepala",'LAMPIRAN I DONE'!$F$21="Guru Besar"),1,""))))&" "&(((I61*J61)-(10-SUMPRODUCT($I$59:I60,$J$59:J60)))&" x "&1&" x "&IF('LAMPIRAN I DONE'!$F$21="Tenaga Pengajar",0.25,IF(OR('LAMPIRAN I DONE'!$F$21="Asisten Ahli",'LAMPIRAN I DONE'!$F$21="Lektor",'LAMPIRAN I DONE'!$F$21="Lektor Kepala",'LAMPIRAN I DONE'!$F$21="Guru Besar"),0.5,""))&" = "&(((I61*J61)-(10-SUMPRODUCT($I$59:I60,$J$59:J60)))*IF('LAMPIRAN I DONE'!$F$21="Tenaga Pengajar",0.25,IF(OR('LAMPIRAN I DONE'!$F$21="Asisten Ahli",'LAMPIRAN I DONE'!$F$21="Lektor",'LAMPIRAN I DONE'!$F$21="Lektor Kepala",'LAMPIRAN I DONE'!$F$21="Guru Besar"),0.5,""))))),(I61&" x "&J61&" x "&(IF(OR(AND(L61="sks>10",L60="sks>10"),AND(L61="sks>10",L60="sks<=10")),IF('LAMPIRAN I DONE'!$F$21="Tenaga Pengajar",0.25,IF(OR('LAMPIRAN I DONE'!$F$21="Asisten Ahli",'LAMPIRAN I DONE'!$F$21="Lektor",'LAMPIRAN I DONE'!$F$21="Lektor Kepala",'LAMPIRAN I DONE'!$F$21="Guru Besar"),0.5,"")),IF('LAMPIRAN I DONE'!$F$21="Tenaga Pengajar",0.5,IF(OR('LAMPIRAN I DONE'!$F$21="Asisten Ahli",'LAMPIRAN I DONE'!$F$21="Lektor",'LAMPIRAN I DONE'!$F$21="Lektor Kepala",'LAMPIRAN I DONE'!$F$21="Guru Besar"),1,""))))&" = "&K61))),"rumus") -> rumus | H61: ( Isikan Nomor SK dengan lengkap) | K61: =IF(AND(I61<>"",J61<>""),(IF(OR(AND(L61="sks>10",L60="sks<=10",IFERROR(SUMPRODUCT($I$59:I60,$J$59:J60)<10,FALSE)),AND(L61="sks>10",L60="")),(((10-SUMPRODUCT($I$59:I60,$J$59:J60))*IF('LAMPIRAN I DONE'!$F$21="Tenaga Pengajar",0.5,IF(OR('LAMPIRAN I DONE'!$F$21="Asisten Ahli",'LAMPIRAN I DONE'!$F$21="Lektor",'LAMPIRAN I DONE'!$F$21="Lektor Kepala",'LAMPIRAN I DONE'!$F$21="Guru Besar"),1,"")))+(((I61*J61)-(10-SUMPRODUCT($I$59:I60,$J$59:J60)))*IF('LAMPIRAN I DONE'!$F$21="Tenaga Pengajar",0.25,IF(OR('LAMPIRAN I DONE'!$F$21="Asisten Ahli",'LAMPIRAN I DONE'!$F$21="Lektor",'LAMPIRAN I DONE'!$F$21="Lektor Kepala",'LAMPIRAN I DONE'!$F$21="Guru Besar"),0.5,"")))),IF(OR(AND(L61="sks>10",L60="sks>10"),AND(L61="sks>10",L60="sks<=10")),I61*J61*IF('LAMPIRAN I DONE'!$F$21="Tenaga Pengajar",0.25,IF(OR('LAMPIRAN I DONE'!$F$21="Asisten Ahli",'LAMPIRAN I DONE'!$F$21="Lektor",'LAMPIRAN I DONE'!$F$21="Lektor Kepala",'LAMPIRAN I DONE'!$F$21="Guru Besar"),0.5,"")),I61*J61*IF('LAMPIRAN I DONE'!$F$21="Tenaga Pengajar",0.5,IF(OR('LAMPIRAN I DONE'!$F$21="Asisten Ahli",'LAMPIRAN I DONE'!$F$21="Lektor",'LAMPIRAN I DONE'!$F$21="Lektor Kepala",'LAMPIRAN I DONE'!$F$21="Guru Besar"),1,""))))),"rumus") -> rumus | L61: =IF(AND(I61<>"",J61<>""),(IF(SUMPRODUCT($I$60:I61,$J$60:J61)<=10,"SKS<=10",IF(SUMPRODUCT($I$60:I61,$J$60:J61)>10,"SKS>10",""))),"rumus") -> rumus
A62: 3 | B62: nama mk, sks, kls | C62: 2015/2016 | D62: =IF(G62<>"rumus","SKS","") | E62: =IF(K62<>"rumus",(IF(OR(AND(L62="sks>10",L61="sks<=10",IFERROR(SUMPRODUCT($I$59:I61,$J$59:J61)<10,FALSE)),AND(L62="sks>10",L61="")),(((10-SUMPRODUCT($I$59:I61,$J$59:J61))&" x "&1)&" "&(((I62*J62)-(10-SUMPRODUCT($I$59:I61,$J$59:J61)))&" x "&1)),(I62&" x "&J62))),"") | F62: =IF(K62<>"rumus",(IF(OR(AND(L62="sks>10",L61="sks<=10",IFERROR(SUMPRODUCT($I$59:I61,$J$59:J61)<10,FALSE)),AND(L62="sks>10",L61="")),((IF('LAMPIRAN I DONE'!$F$21="Tenaga Pengajar",0.5,IF(OR('LAMPIRAN I DONE'!$F$21="Asisten Ahli",'LAMPIRAN I DONE'!$F$21="Lektor",'LAMPIRAN I DONE'!$F$21="Lektor Kepala",'LAMPIRAN I DONE'!$F$21="Guru Besar"),1,"")))&" "&(IF('LAMPIRAN I DONE'!$F$21="Tenaga Pengajar",0.25,IF(OR('LAMPIRAN I DONE'!$F$21="Asisten Ahli",'LAMPIRAN I DONE'!$F$21="Lektor",'LAMPIRAN I DONE'!$F$21="Lektor Kepala",'LAMPIRAN I DONE'!$F$21="Guru Besar"),0.5,"")))),((IF(OR(AND(L62="sks>10",L61="sks>10"),AND(L62="sks>10",L61="sks<=10")),IF('LAMPIRAN I DONE'!$F$21="Tenaga Pengajar",0.25,IF(OR('LAMPIRAN I DONE'!$F$21="Asisten Ahli",'LAMPIRAN I DONE'!$F$21="Lektor",'LAMPIRAN I DONE'!$F$21="Lektor Kepala",'LAMPIRAN I DONE'!$F$21="Guru Besar"),0.5,"")),IF('LAMPIRAN I DONE'!$F$21="Tenaga Pengajar",0.5,IF(OR('LAMPIRAN I DONE'!$F$21="Asisten Ahli",'LAMPIRAN I DONE'!$F$21="Lektor",'LAMPIRAN I DONE'!$F$21="Lektor Kepala",'LAMPIRAN I DONE'!$F$21="Guru Besar"),1,""))))))),"") | G62: =IF(K62<>"rumus",(IF(OR(AND(L62="sks>10",L61="sks<=10",IFERROR(SUMPRODUCT($I$59:I61,$J$59:J61)<10,FALSE)),AND(L62="sks>10",L61="")),(((10-SUMPRODUCT($I$59:I61,$J$59:J61))&" x "&1&" x "&IF('LAMPIRAN I DONE'!$F$21="Tenaga Pengajar",0.5,IF(OR('LAMPIRAN I DONE'!$F$21="Asisten Ahli",'LAMPIRAN I DONE'!$F$21="Lektor",'LAMPIRAN I DONE'!$F$21="Lektor Kepala",'LAMPIRAN I DONE'!$F$21="Guru Besar"),1,""))&" = "&((10-SUMPRODUCT($I$59:I61,$J$59:J61))*IF('LAMPIRAN I DONE'!$F$21="Tenaga Pengajar",0.5,IF(OR('LAMPIRAN I DONE'!$F$21="Asisten Ahli",'LAMPIRAN I DONE'!$F$21="Lektor",'LAMPIRAN I DONE'!$F$21="Lektor Kepala",'LAMPIRAN I DONE'!$F$21="Guru Besar"),1,""))))&" "&(((I62*J62)-(10-SUMPRODUCT($I$59:I61,$J$59:J61)))&" x "&1&" x "&IF('LAMPIRAN I DONE'!$F$21="Tenaga Pengajar",0.25,IF(OR('LAMPIRAN I DONE'!$F$21="Asisten Ahli",'LAMPIRAN I DONE'!$F$21="Lektor",'LAMPIRAN I DONE'!$F$21="Lektor Kepala",'LAMPIRAN I DONE'!$F$21="Guru Besar"),0.5,""))&" = "&(((I62*J62)-(10-SUMPRODUCT($I$59:I61,$J$59:J61)))*IF('LAMPIRAN I DONE'!$F$21="Tenaga Pengajar",0.25,IF(OR('LAMPIRAN I DONE'!$F$21="Asisten Ahli",'LAMPIRAN I DONE'!$F$21="Lektor",'LAMPIRAN I DONE'!$F$21="Lektor Kepala",'LAMPIRAN I DONE'!$F$21="Guru Besar"),0.5,""))))),(I62&" x "&J62&" x "&(IF(OR(AND(L62="sks>10",L61="sks>10"),AND(L62="sks>10",L61="sks<=10")),IF('LAMPIRAN I DONE'!$F$21="Tenaga Pengajar",0.25,IF(OR('LAMPIRAN I DONE'!$F$21="Asisten Ahli",'LAMPIRAN I DONE'!$F$21="Lektor",'LAMPIRAN I DONE'!$F$21="Lektor Kepala",'LAMPIRAN I DONE'!$F$21="Guru Besar"),0.5,"")),IF('LAMPIRAN I DONE'!$F$21="Tenaga Pengajar",0.5,IF(OR('LAMPIRAN I DONE'!$F$21="Asisten Ahli",'LAMPIRAN I DONE'!$F$21="Lektor",'LAMPIRAN I DONE'!$F$21="Lektor Kepala",'LAMPIRAN I DONE'!$F$21="Guru Besar"),1,""))))&" = "&K62))),"rumus") -> rumus | H62: ( Isikan Nomor SK dengan lengkap) | K62: =IF(AND(I62<>"",J62<>""),(IF(OR(AND(L62="sks>10",L61="sks<=10",IFERROR(SUMPRODUCT($I$59:I61,$J$59:J61)<10,FALSE)),AND(L62="sks>10",L61="")),(((10-SUMPRODUCT($I$59:I61,$J$59:J61))*IF('LAMPIRAN I DONE'!$F$21="Tenaga Pengajar",0.5,IF(OR('LAMPIRAN I DONE'!$F$21="Asisten Ahli",'LAMPIRAN I DONE'!$F$21="Lektor",'LAMPIRAN I DONE'!$F$21="Lektor Kepala",'LAMPIRAN I DONE'!$F$21="Guru Besar"),1,"")))+(((I62*J62)-(10-SUMPRODUCT($I$59:I61,$J$59:J61)))*IF('LAMPIRAN I DONE'!$F$21="Tenaga Pengajar",0.25,IF(OR('LAMPIRAN I DONE'!$F$21="Asisten Ahli",'LAMPIRAN I DONE'!$F$21="Lektor",'LAMPIRAN I DONE'!$F$21="Lektor Kepala",'LAMPIRAN I DONE'!$F$21="Guru Besar"),0.5,"")))),IF(OR(AND(L62="sks>10",L61="sks>10"),AND(L62="sks>10",L61="sks<=10")),I62*J62*IF('LAMPIRAN I DONE'!$F$21="Tenaga Pengajar",0.25,IF(OR('LAMPIRAN I DONE'!$F$21="Asisten Ahli",'LAMPIRAN I DONE'!$F$21="Lektor",'LAMPIRAN I DONE'!$F$21="Lektor Kepala",'LAMPIRAN I DONE'!$F$21="Guru Besar"),0.5,"")),I62*J62*IF('LAMPIRAN I DONE'!$F$21="Tenaga Pengajar",0.5,IF(OR('LAMPIRAN I DONE'!$F$21="Asisten Ahli",'LAMPIRAN I DONE'!$F$21="Lektor",'LAMPIRAN I DONE'!$F$21="Lektor Kepala",'LAMPIRAN I DONE'!$F$21="Guru Besar"),1,""))))),"rumus") -> rumus | L62: =IF(AND(I62<>"",J62<>""),(IF(SUMPRODUCT($I$60:I62,$J$60:J62)<=10,"SKS<=10",IF(SUMPRODUCT($I$60:I62,$J$60:J62)>10,"SKS>10",""))),"rumus") -> rumus
A63: 4 | B63: nama mk, sks, kls | C63: 2015/2016 | D63: =IF(G63<>"rumus","SKS","") | E63: =IF(K63<>"rumus",(IF(OR(AND(L63="sks>10",L62="sks<=10",IFERROR(SUMPRODUCT($I$59:I62,$J$59:J62)<10,FALSE)),AND(L63="sks>10",L62="")),(((10-SUMPRODUCT($I$59:I62,$J$59:J62))&" x "&1)&" "&(((I63*J63)-(10-SUMPRODUCT($I$59:I62,$J$59:J62)))&" x "&1)),(I63&" x "&J63))),"") | F63: =IF(K63<>"rumus",(IF(OR(AND(L63="sks>10",L62="sks<=10",IFERROR(SUMPRODUCT($I$59:I62,$J$59:J62)<10,FALSE)),AND(L63="sks>10",L62="")),((IF('LAMPIRAN I DONE'!$F$21="Tenaga Pengajar",0.5,IF(OR('LAMPIRAN I DONE'!$F$21="Asisten Ahli",'LAMPIRAN I DONE'!$F$21="Lektor",'LAMPIRAN I DONE'!$F$21="Lektor Kepala",'LAMPIRAN I DONE'!$F$21="Guru Besar"),1,"")))&" "&(IF('LAMPIRAN I DONE'!$F$21="Tenaga Pengajar",0.25,IF(OR('LAMPIRAN I DONE'!$F$21="Asisten Ahli",'LAMPIRAN I DONE'!$F$21="Lektor",'LAMPIRAN I DONE'!$F$21="Lektor Kepala",'LAMPIRAN I DONE'!$F$21="Guru Besar"),0.5,"")))),((IF(OR(AND(L63="sks>10",L62="sks>10"),AND(L63="sks>10",L62="sks<=10")),IF('LAMPIRAN I DONE'!$F$21="Tenaga Pengajar",0.25,IF(OR('LAMPIRAN I DONE'!$F$21="Asisten Ahli",'LAMPIRAN I DONE'!$F$21="Lektor",'LAMPIRAN I DONE'!$F$21="Lektor Kepala",'LAMPIRAN I DONE'!$F$21="Guru Besar"),0.5,"")),IF('LAMPIRAN I DONE'!$F$21="Tenaga Pengajar",0.5,IF(OR('LAMPIRAN I DONE'!$F$21="Asisten Ahli",'LAMPIRAN I DONE'!$F$21="Lektor",'LAMPIRAN I DONE'!$F$21="Lektor Kepala",'LAMPIRAN I DONE'!$F$21="Guru Besar"),1,""))))))),"") | G63: =IF(K63<>"rumus",(IF(OR(AND(L63="sks>10",L62="sks<=10",IFERROR(SUMPRODUCT($I$59:I62,$J$59:J62)<10,FALSE)),AND(L63="sks>10",L62="")),(((10-SUMPRODUCT($I$59:I62,$J$59:J62))&" x "&1&" x "&IF('LAMPIRAN I DONE'!$F$21="Tenaga Pengajar",0.5,IF(OR('LAMPIRAN I DONE'!$F$21="Asisten Ahli",'LAMPIRAN I DONE'!$F$21="Lektor",'LAMPIRAN I DONE'!$F$21="Lektor Kepala",'LAMPIRAN I DONE'!$F$21="Guru Besar"),1,""))&" = "&((10-SUMPRODUCT($I$59:I62,$J$59:J62))*IF('LAMPIRAN I DONE'!$F$21="Tenaga Pengajar",0.5,IF(OR('LAMPIRAN I DONE'!$F$21="Asisten Ahli",'LAMPIRAN I DONE'!$F$21="Lektor",'LAMPIRAN I DONE'!$F$21="Lektor Kepala",'LAMPIRAN I DONE'!$F$21="Guru Besar"),1,""))))&" "&(((I63*J63)-(10-SUMPRODUCT($I$59:I62,$J$59:J62)))&" x "&1&" x "&IF('LAMPIRAN I DONE'!$F$21="Tenaga Pengajar",0.25,IF(OR('LAMPIRAN I DONE'!$F$21="Asisten Ahli",'LAMPIRAN I DONE'!$F$21="Lektor",'LAMPIRAN I DONE'!$F$21="Lektor Kepala",'LAMPIRAN I DONE'!$F$21="Guru Besar"),0.5,""))&" = "&(((I63*J63)-(10-SUMPRODUCT($I$59:I62,$J$59:J62)))*IF('LAMPIRAN I DONE'!$F$21="Tenaga Pengajar",0.25,IF(OR('LAMPIRAN I DONE'!$F$21="Asisten Ahli",'LAMPIRAN I DONE'!$F$21="Lektor",'LAMPIRAN I DONE'!$F$21="Lektor Kepala",'LAMPIRAN I DONE'!$F$21="Guru Besar"),0.5,""))))),(I63&" x "&J63&" x "&(IF(OR(AND(L63="sks>10",L62="sks>10"),AND(L63="sks>10",L62="sks<=10")),IF('LAMPIRAN I DONE'!$F$21="Tenaga Pengajar",0.25,IF(OR('LAMPIRAN I DONE'!$F$21="Asisten Ahli",'LAMPIRAN I DONE'!$F$21="Lektor",'LAMPIRAN I DONE'!$F$21="Lektor Kepala",'LAMPIRAN I DONE'!$F$21="Guru Besar"),0.5,"")),IF('LAMPIRAN I DONE'!$F$21="Tenaga Pengajar",0.5,IF(OR('LAMPIRAN I DONE'!$F$21="Asisten Ahli",'LAMPIRAN I DONE'!$F$21="Lektor",'LAMPIRAN I DONE'!$F$21="Lektor Kepala",'LAMPIRAN I DONE'!$F$21="Guru Besar"),1,""))))&" = "&K63))),"rumus") -> rumus | H63: ( Isikan Nomor SK dengan lengkap) | K63: =IF(AND(I63<>"",J63<>""),(IF(OR(AND(L63="sks>10",L62="sks<=10",IFERROR(SUMPRODUCT($I$59:I62,$J$59:J62)<10,FALSE)),AND(L63="sks>10",L62="")),(((10-SUMPRODUCT($I$59:I62,$J$59:J62))*IF('LAMPIRAN I DONE'!$F$21="Tenaga Pengajar",0.5,IF(OR('LAMPIRAN I DONE'!$F$21="Asisten Ahli",'LAMPIRAN I DONE'!$F$21="Lektor",'LAMPIRAN I DONE'!$F$21="Lektor Kepala",'LAMPIRAN I DONE'!$F$21="Guru Besar"),1,"")))+(((I63*J63)-(10-SUMPRODUCT($I$59:I62,$J$59:J62)))*IF('LAMPIRAN I DONE'!$F$21="Tenaga Pengajar",0.25,IF(OR('LAMPIRAN I DONE'!$F$21="Asisten Ahli",'LAMPIRAN I DONE'!$F$21="Lektor",'LAMPIRAN I DONE'!$F$21="Lektor Kepala",'LAMPIRAN I DONE'!$F$21="Guru Besar"),0.5,"")))),IF(OR(AND(L63="sks>10",L62="sks>10"),AND(L63="sks>10",L62="sks<=10")),I63*J63*IF('LAMPIRAN I DONE'!$F$21="Tenaga Pengajar",0.25,IF(OR('LAMPIRAN I DONE'!$F$21="Asisten Ahli",'LAMPIRAN I DONE'!$F$21="Lektor",'LAMPIRAN I DONE'!$F$21="Lektor Kepala",'LAMPIRAN I DONE'!$F$21="Guru Besar"),0.5,"")),I63*J63*IF('LAMPIRAN I DONE'!$F$21="Tenaga Pengajar",0.5,IF(OR('LAMPIRAN I DONE'!$F$21="Asisten Ahli",'LAMPIRAN I DONE'!$F$21="Lektor",'LAMPIRAN I DONE'!$F$21="Lektor Kepala",'LAMPIRAN I DONE'!$F$21="Guru Besar"),1,""))))),"rumus") -> rumus | L63: =IF(AND(I63<>"",J63<>""),(IF(SUMPRODUCT($I$60:I63,$J$60:J63)<=10,"SKS<=10",IF(SUMPRODUCT($I$60:I63,$J$60:J63)>10,"SKS>10",""))),"rumus") -> rumus
A64: 5 | B64: nama mk, sks, kls | C64: 2015/2016 | D64: =IF(G64<>"rumus","SKS","") | E64: =IF(K64<>"rumus",(IF(OR(AND(L64="sks>10",L63="sks<=10",IFERROR(SUMPRODUCT($I$59:I63,$J$59:J63)<10,FALSE)),AND(L64="sks>10",L63="")),(((10-SUMPRODUCT($I$59:I63,$J$59:J63))&" x "&1)&" "&(((I64*J64)-(10-SUMPRODUCT($I$59:I63,$J$59:J63)))&" x "&1)),(I64&" x "&J64))),"") | F64: =IF(K64<>"rumus",(IF(OR(AND(L64="sks>10",L63="sks<=10",IFERROR(SUMPRODUCT($I$59:I63,$J$59:J63)<10,FALSE)),AND(L64="sks>10",L63="")),((IF('LAMPIRAN I DONE'!$F$21="Tenaga Pengajar",0.5,IF(OR('LAMPIRAN I DONE'!$F$21="Asisten Ahli",'LAMPIRAN I DONE'!$F$21="Lektor",'LAMPIRAN I DONE'!$F$21="Lektor Kepala",'LAMPIRAN I DONE'!$F$21="Guru Besar"),1,"")))&" "&(IF('LAMPIRAN I DONE'!$F$21="Tenaga Pengajar",0.25,IF(OR('LAMPIRAN I DONE'!$F$21="Asisten Ahli",'LAMPIRAN I DONE'!$F$21="Lektor",'LAMPIRAN I DONE'!$F$21="Lektor Kepala",'LAMPIRAN I DONE'!$F$21="Guru Besar"),0.5,"")))),((IF(OR(AND(L64="sks>10",L63="sks>10"),AND(L64="sks>10",L63="sks<=10")),IF('LAMPIRAN I DONE'!$F$21="Tenaga Pengajar",0.25,IF(OR('LAMPIRAN I DONE'!$F$21="Asisten Ahli",'LAMPIRAN I DONE'!$F$21="Lektor",'LAMPIRAN I DONE'!$F$21="Lektor Kepala",'LAMPIRAN I DONE'!$F$21="Guru Besar"),0.5,"")),IF('LAMPIRAN I DONE'!$F$21="Tenaga Pengajar",0.5,IF(OR('LAMPIRAN I DONE'!$F$21="Asisten Ahli",'LAMPIRAN I DONE'!$F$21="Lektor",'LAMPIRAN I DONE'!$F$21="Lektor Kepala",'LAMPIRAN I DONE'!$F$21="Guru Besar"),1,""))))))),"") | G64: =IF(K64<>"rumus",(IF(OR(AND(L64="sks>10",L63="sks<=10",IFERROR(SUMPRODUCT($I$59:I63,$J$59:J63)<10,FALSE)),AND(L64="sks>10",L63="")),(((10-SUMPRODUCT($I$59:I63,$J$59:J63))&" x "&1&" x "&IF('LAMPIRAN I DONE'!$F$21="Tenaga Pengajar",0.5,IF(OR('LAMPIRAN I DONE'!$F$21="Asisten Ahli",'LAMPIRAN I DONE'!$F$21="Lektor",'LAMPIRAN I DONE'!$F$21="Lektor Kepala",'LAMPIRAN I DONE'!$F$21="Guru Besar"),1,""))&" = "&((10-SUMPRODUCT($I$59:I63,$J$59:J63))*IF('LAMPIRAN I DONE'!$F$21="Tenaga Pengajar",0.5,IF(OR('LAMPIRAN I DONE'!$F$21="Asisten Ahli",'LAMPIRAN I DONE'!$F$21="Lektor",'LAMPIRAN I DONE'!$F$21="Lektor Kepala",'LAMPIRAN I DONE'!$F$21="Guru Besar"),1,""))))&" "&(((I64*J64)-(10-SUMPRODUCT($I$59:I63,$J$59:J63)))&" x "&1&" x "&IF('LAMPIRAN I DONE'!$F$21="Tenaga Pengajar",0.25,IF(OR('LAMPIRAN I DONE'!$F$21="Asisten Ahli",'LAMPIRAN I DONE'!$F$21="Lektor",'LAMPIRAN I DONE'!$F$21="Lektor Kepala",'LAMPIRAN I DONE'!$F$21="Guru Besar"),0.5,""))&" = "&(((I64*J64)-(10-SUMPRODUCT($I$59:I63,$J$59:J63)))*IF('LAMPIRAN I DONE'!$F$21="Tenaga Pengajar",0.25,IF(OR('LAMPIRAN I DONE'!$F$21="Asisten Ahli",'LAMPIRAN I DONE'!$F$21="Lektor",'LAMPIRAN I DONE'!$F$21="Lektor Kepala",'LAMPIRAN I DONE'!$F$21="Guru Besar"),0.5,""))))),(I64&" x "&J64&" x "&(IF(OR(AND(L64="sks>10",L63="sks>10"),AND(L64="sks>10",L63="sks<=10")),IF('LAMPIRAN I DONE'!$F$21="Tenaga Pengajar",0.25,IF(OR('LAMPIRAN I DONE'!$F$21="Asisten Ahli",'LAMPIRAN I DONE'!$F$21="Lektor",'LAMPIRAN I DONE'!$F$21="Lektor Kepala",'LAMPIRAN I DONE'!$F$21="Guru Besar"),0.5,"")),IF('LAMPIRAN I DONE'!$F$21="Tenaga Pengajar",0.5,IF(OR('LAMPIRAN I DONE'!$F$21="Asisten Ahli",'LAMPIRAN I DONE'!$F$21="Lektor",'LAMPIRAN I DONE'!$F$21="Lektor Kepala",'LAMPIRAN I DONE'!$F$21="Guru Besar"),1,""))))&" = "&K64))),"rumus") -> rumus | H64: ( Isikan Nomor SK dengan lengkap) | K64: =IF(AND(I64<>"",J64<>""),(IF(OR(AND(L64="sks>10",L63="sks<=10",IFERROR(SUMPRODUCT($I$59:I63,$J$59:J63)<10,FALSE)),AND(L64="sks>10",L63="")),(((10-SUMPRODUCT($I$59:I63,$J$59:J63))*IF('LAMPIRAN I DONE'!$F$21="Tenaga Pengajar",0.5,IF(OR('LAMPIRAN I DONE'!$F$21="Asisten Ahli",'LAMPIRAN I DONE'!$F$21="Lektor",'LAMPIRAN I DONE'!$F$21="Lektor Kepala",'LAMPIRAN I DONE'!$F$21="Guru Besar"),1,"")))+(((I64*J64)-(10-SUMPRODUCT($I$59:I63,$J$59:J63)))*IF('LAMPIRAN I DONE'!$F$21="Tenaga Pengajar",0.25,IF(OR('LAMPIRAN I DONE'!$F$21="Asisten Ahli",'LAMPIRAN I DONE'!$F$21="Lektor",'LAMPIRAN I DONE'!$F$21="Lektor Kepala",'LAMPIRAN I DONE'!$F$21="Guru Besar"),0.5,"")))),IF(OR(AND(L64="sks>10",L63="sks>10"),AND(L64="sks>10",L63="sks<=10")),I64*J64*IF('LAMPIRAN I DONE'!$F$21="Tenaga Pengajar",0.25,IF(OR('LAMPIRAN I DONE'!$F$21="Asisten Ahli",'LAMPIRAN I DONE'!$F$21="Lektor",'LAMPIRAN I DONE'!$F$21="Lektor Kepala",'LAMPIRAN I DONE'!$F$21="Guru Besar"),0.5,"")),I64*J64*IF('LAMPIRAN I DONE'!$F$21="Tenaga Pengajar",0.5,IF(OR('LAMPIRAN I DONE'!$F$21="Asisten Ahli",'LAMPIRAN I DONE'!$F$21="Lektor",'LAMPIRAN I DONE'!$F$21="Lektor Kepala",'LAMPIRAN I DONE'!$F$21="Guru Besar"),1,""))))),"rumus") -> rumus | L64: =IF(AND(I64<>"",J64<>""),(IF(SUMPRODUCT($I$60:I64,$J$60:J64)<=10,"SKS<=10",IF(SUMPRODUCT($I$60:I64,$J$60:J64)>10,"SKS>10",""))),"rumus") -> rumus
A65: 6 | B65: nama mk, sks, kls | C65: 2015/2016 | D65: =IF(G65<>"rumus","SKS","") | E65: =IF(K65<>"rumus",(IF(OR(AND(L65="sks>10",L64="sks<=10",IFERROR(SUMPRODUCT($I$59:I64,$J$59:J64)<10,FALSE)),AND(L65="sks>10",L64="")),(((10-SUMPRODUCT($I$59:I64,$J$59:J64))&" x "&1)&" "&(((I65*J65)-(10-SUMPRODUCT($I$59:I64,$J$59:J64)))&" x "&1)),(I65&" x "&J65))),"") | F65: =IF(K65<>"rumus",(IF(OR(AND(L65="sks>10",L64="sks<=10",IFERROR(SUMPRODUCT($I$59:I64,$J$59:J64)<10,FALSE)),AND(L65="sks>10",L64="")),((IF('LAMPIRAN I DONE'!$F$21="Tenaga Pengajar",0.5,IF(OR('LAMPIRAN I DONE'!$F$21="Asisten Ahli",'LAMPIRAN I DONE'!$F$21="Lektor",'LAMPIRAN I DONE'!$F$21="Lektor Kepala",'LAMPIRAN I DONE'!$F$21="Guru Besar"),1,"")))&" "&(IF('LAMPIRAN I DONE'!$F$21="Tenaga Pengajar",0.25,IF(OR('LAMPIRAN I DONE'!$F$21="Asisten Ahli",'LAMPIRAN I DONE'!$F$21="Lektor",'LAMPIRAN I DONE'!$F$21="Lektor Kepala",'LAMPIRAN I DONE'!$F$21="Guru Besar"),0.5,"")))),((IF(OR(AND(L65="sks>10",L64="sks>10"),AND(L65="sks>10",L64="sks<=10")),IF('LAMPIRAN I DONE'!$F$21="Tenaga Pengajar",0.25,IF(OR('LAMPIRAN I DONE'!$F$21="Asisten Ahli",'LAMPIRAN I DONE'!$F$21="Lektor",'LAMPIRAN I DONE'!$F$21="Lektor Kepala",'LAMPIRAN I DONE'!$F$21="Guru Besar"),0.5,"")),IF('LAMPIRAN I DONE'!$F$21="Tenaga Pengajar",0.5,IF(OR('LAMPIRAN I DONE'!$F$21="Asisten Ahli",'LAMPIRAN I DONE'!$F$21="Lektor",'LAMPIRAN I DONE'!$F$21="Lektor Kepala",'LAMPIRAN I DONE'!$F$21="Guru Besar"),1,""))))))),"") | G65: =IF(K65<>"rumus",(IF(OR(AND(L65="sks>10",L64="sks<=10",IFERROR(SUMPRODUCT($I$59:I64,$J$59:J64)<10,FALSE)),AND(L65="sks>10",L64="")),(((10-SUMPRODUCT($I$59:I64,$J$59:J64))&" x "&1&" x "&IF('LAMPIRAN I DONE'!$F$21="Tenaga Pengajar",0.5,IF(OR('LAMPIRAN I DONE'!$F$21="Asisten Ahli",'LAMPIRAN I DONE'!$F$21="Lektor",'LAMPIRAN I DONE'!$F$21="Lektor Kepala",'LAMPIRAN I DONE'!$F$21="Guru Besar"),1,""))&" = "&((10-SUMPRODUCT($I$59:I64,$J$59:J64))*IF('LAMPIRAN I DONE'!$F$21="Tenaga Pengajar",0.5,IF(OR('LAMPIRAN I DONE'!$F$21="Asisten Ahli",'LAMPIRAN I DONE'!$F$21="Lektor",'LAMPIRAN I DONE'!$F$21="Lektor Kepala",'LAMPIRAN I DONE'!$F$21="Guru Besar"),1,""))))&" "&(((I65*J65)-(10-SUMPRODUCT($I$59:I64,$J$59:J64)))&" x "&1&" x "&IF('LAMPIRAN I DONE'!$F$21="Tenaga Pengajar",0.25,IF(OR('LAMPIRAN I DONE'!$F$21="Asisten Ahli",'LAMPIRAN I DONE'!$F$21="Lektor",'LAMPIRAN I DONE'!$F$21="Lektor Kepala",'LAMPIRAN I DONE'!$F$21="Guru Besar"),0.5,""))&" = "&(((I65*J65)-(10-SUMPRODUCT($I$59:I64,$J$59:J64)))*IF('LAMPIRAN I DONE'!$F$21="Tenaga Pengajar",0.25,IF(OR('LAMPIRAN I DONE'!$F$21="Asisten Ahli",'LAMPIRAN I DONE'!$F$21="Lektor",'LAMPIRAN I DONE'!$F$21="Lektor Kepala",'LAMPIRAN I DONE'!$F$21="Guru Besar"),0.5,""))))),(I65&" x "&J65&" x "&(IF(OR(AND(L65="sks>10",L64="sks>10"),AND(L65="sks>10",L64="sks<=10")),IF('LAMPIRAN I DONE'!$F$21="Tenaga Pengajar",0.25,IF(OR('LAMPIRAN I DONE'!$F$21="Asisten Ahli",'LAMPIRAN I DONE'!$F$21="Lektor",'LAMPIRAN I DONE'!$F$21="Lektor Kepala",'LAMPIRAN I DONE'!$F$21="Guru Besar"),0.5,"")),IF('LAMPIRAN I DONE'!$F$21="Tenaga Pengajar",0.5,IF(OR('LAMPIRAN I DONE'!$F$21="Asisten Ahli",'LAMPIRAN I DONE'!$F$21="Lektor",'LAMPIRAN I DONE'!$F$21="Lektor Kepala",'LAMPIRAN I DONE'!$F$21="Guru Besar"),1,""))))&" = "&K65))),"rumus") -> rumus | H65: ( Isikan Nomor SK dengan lengkap) | K65: =IF(AND(I65<>"",J65<>""),(IF(OR(AND(L65="sks>10",L64="sks<=10",IFERROR(SUMPRODUCT($I$59:I64,$J$59:J64)<10,FALSE)),AND(L65="sks>10",L64="")),(((10-SUMPRODUCT($I$59:I64,$J$59:J64))*IF('LAMPIRAN I DONE'!$F$21="Tenaga Pengajar",0.5,IF(OR('LAMPIRAN I DONE'!$F$21="Asisten Ahli",'LAMPIRAN I DONE'!$F$21="Lektor",'LAMPIRAN I DONE'!$F$21="Lektor Kepala",'LAMPIRAN I DONE'!$F$21="Guru Besar"),1,"")))+(((I65*J65)-(10-SUMPRODUCT($I$59:I64,$J$59:J64)))*IF('LAMPIRAN I DONE'!$F$21="Tenaga Pengajar",0.25,IF(OR('LAMPIRAN I DONE'!$F$21="Asisten Ahli",'LAMPIRAN I DONE'!$F$21="Lektor",'LAMPIRAN I DONE'!$F$21="Lektor Kepala",'LAMPIRAN I DONE'!$F$21="Guru Besar"),0.5,"")))),IF(OR(AND(L65="sks>10",L64="sks>10"),AND(L65="sks>10",L64="sks<=10")),I65*J65*IF('LAMPIRAN I DONE'!$F$21="Tenaga Pengajar",0.25,IF(OR('LAMPIRAN I DONE'!$F$21="Asisten Ahli",'LAMPIRAN I DONE'!$F$21="Lektor",'LAMPIRAN I DONE'!$F$21="Lektor Kepala",'LAMPIRAN I DONE'!$F$21="Guru Besar"),0.5,"")),I65*J65*IF('LAMPIRAN I DONE'!$F$21="Tenaga Pengajar",0.5,IF(OR('LAMPIRAN I DONE'!$F$21="Asisten Ahli",'LAMPIRAN I DONE'!$F$21="Lektor",'LAMPIRAN I DONE'!$F$21="Lektor Kepala",'LAMPIRAN I DONE'!$F$21="Guru Besar"),1,""))))),"rumus") -> rumus | L65: =IF(AND(I65<>"",J65<>""),(IF(SUMPRODUCT($I$60:I65,$J$60:J65)<=10,"SKS<=10",IF(SUMPRODUCT($I$60:I65,$J$60:J65)>10,"SKS>10",""))),"rumus") -> rumus
B66: ="a. Semester Gasal "&IF(C67<>"",C67,"")&" :" -> a. Semester Gasal 2016/2017 : | M66: =IF((AND(N66="Max 5,5",SUM(K60:K65)<=5.5)),SUM(K60:K65),IF((AND(N66="Max 5,5",SUM(K60:K65)>5.5)),5.5,IF((AND(N66="Max 11",SUM(K60:K65)<=11)),SUM(K60:K65),IF((AND(N66="Max 11",SUM(K60:K65)>11)),11,"")))) -> 8 | N66: =IF('LAMPIRAN I DONE'!$F$21="Tenaga Pengajar","Max 5,5",IF(OR('LAMPIRAN I DONE'!$F$21="Asisten Ahli",'LAMPIRAN I DONE'!$F$21="Lektor",'LAMPIRAN I DONE'!$F$21="Lektor Kepala",'LAMPIRAN I DONE'!$F$21="Guru Besar"),"Max 11","")) -> Max 11
A67: 1 | B67: DPH1B4 Algoritma dan Pemrograman Komputer, 4sks, 2kls | C67: 2016/2017 | D67: =IF(G67<>"rumus","SKS","") -> SKS | E67: =IF(K67<>"rumus",(IF(OR(AND(L67="sks>10",L66="sks<=10",IFERROR(SUMPRODUCT($I$66:I66,$J$66:J66)<10,FALSE)),AND(L67="sks>10",L66="")),(((10-SUMPRODUCT($I$66:I66,$J$66:J66))&" x "&1)&" "&(((I67*J67)-(10-SUMPRODUCT($I$66:I66,$J$66:J66)))&" x "&1)),(I67&" x "&J67))),"") -> 4 x 2 | F67: =IF(K67<>"rumus",(IF(OR(AND(L67="sks>10",L66="sks<=10",IFERROR(SUMPRODUCT($I$66:I66,$J$66:J66)<10,FALSE)),AND(L67="sks>10",L66="")),((IF('LAMPIRAN I DONE'!$F$21="Tenaga Pengajar",0.5,IF(OR('LAMPIRAN I DONE'!$F$21="Asisten Ahli",'LAMPIRAN I DONE'!$F$21="Lektor",'LAMPIRAN I DONE'!$F$21="Lektor Kepala",'LAMPIRAN I DONE'!$F$21="Guru Besar"),1,"")))&" "&(IF('LAMPIRAN I DONE'!$F$21="Tenaga Pengajar",0.25,IF(OR('LAMPIRAN I DONE'!$F$21="Asisten Ahli",'LAMPIRAN I DONE'!$F$21="Lektor",'LAMPIRAN I DONE'!$F$21="Lektor Kepala",'LAMPIRAN I DONE'!$F$21="Guru Besar"),0.5,"")))),((IF(OR(AND(L67="sks>10",L66="sks>10"),AND(L67="sks>10",L66="sks<=10")),IF('LAMPIRAN I DONE'!$F$21="Tenaga Pengajar",0.25,IF(OR('LAMPIRAN I DONE'!$F$21="Asisten Ahli",'LAMPIRAN I DONE'!$F$21="Lektor",'LAMPIRAN I DONE'!$F$21="Lektor Kepala",'LAMPIRAN I DONE'!$F$21="Guru Besar"),0.5,"")),IF('LAMPIRAN I DONE'!$F$21="Tenaga Pengajar",0.5,IF(OR('LAMPIRAN I DONE'!$F$21="Asisten Ahli",'LAMPIRAN I DONE'!$F$21="Lektor",'LAMPIRAN I DONE'!$F$21="Lektor Kepala",'LAMPIRAN I DONE'!$F$21="Guru Besar"),1,""))))))),"") -> 1 | G67: =IF(K67<>"rumus",(IF(OR(AND(L67="sks>10",L66="sks<=10",IFERROR(SUMPRODUCT($I$66:I66,$J$66:J66)<10,FALSE)),AND(L67="sks>10",L66="")),(((10-SUMPRODUCT($I$66:I66,$J$66:J66))&" x "&1&" x "&IF('LAMPIRAN I DONE'!$F$21="Tenaga Pengajar",0.5,IF(OR('LAMPIRAN I DONE'!$F$21="Asisten Ahli",'LAMPIRAN I DONE'!$F$21="Lektor",'LAMPIRAN I DONE'!$F$21="Lektor Kepala",'LAMPIRAN I DONE'!$F$21="Guru Besar"),1,""))&" = "&((10-SUMPRODUCT($I$66:I66,$J$66:J66))*IF('LAMPIRAN I DONE'!$F$21="Tenaga Pengajar",0.5,IF(OR('LAMPIRAN I DONE'!$F$21="Asisten Ahli",'LAMPIRAN I DONE'!$F$21="Lektor",'LAMPIRAN I DONE'!$F$21="Lektor Kepala",'LAMPIRAN I DONE'!$F$21="Guru Besar"),1,""))))&" "&(((I67*J67)-(10-SUMPRODUCT($I$66:I66,$J$66:J66)))&" x "&1&" x "&IF('LAMPIRAN I DONE'!$F$21="Tenaga Pengajar",0.25,IF(OR('LAMPIRAN I DONE'!$F$21="Asisten Ahli",'LAMPIRAN I DONE'!$F$21="Lektor",'LAMPIRAN I DONE'!$F$21="Lektor Kepala",'LAMPIRAN I DONE'!$F$21="Guru Besar"),0.5,""))&" = "&(((I67*J67)-(10-SUMPRODUCT($I$66:I66,$J$66:J66)))*IF('LAMPIRAN I DONE'!$F$21="Tenaga Pengajar",0.25,IF(OR('LAMPIRAN I DONE'!$F$21="Asisten Ahli",'LAMPIRAN I DONE'!$F$21="Lektor",'LAMPIRAN I DONE'!$F$21="Lektor Kepala",'LAMPIRAN I DONE'!$F$21="Guru Besar"),0.5,""))))),(I67&" x "&J67&" x "&(IF(OR(AND(L67="sks>10",L66="sks>10"),AND(L67="sks>10",L66="sks<=10")),IF('LAMPIRAN I DONE'!$F$21="Tenaga Pengajar",0.25,IF(OR('LAMPIRAN I DONE'!$F$21="Asisten Ahli",'LAMPIRAN I DONE'!$F$21="Lektor",'LAMPIRAN I DONE'!$F$21="Lektor Kepala",'LAMPIRAN I DONE'!$F$21="Guru Besar"),0.5,"")),IF('LAMPIRAN I DONE'!$F$21="Tenaga Pengajar",0.5,IF(OR('LAMPIRAN I DONE'!$F$21="Asisten Ahli",'LAMPIRAN I DONE'!$F$21="Lektor",'LAMPIRAN I DONE'!$F$21="Lektor Kepala",'LAMPIRAN I DONE'!$F$21="Guru Besar"),1,""))))&" = "&K67))),"rumus") -> 4 x 2 x 1 = 8 | H67: NOMOR : 089/AKD6/IT-DEK/16 | I67: 4 | J67: 2 | K67: =IF(AND(I67<>"",J67<>""),(IF(OR(AND(L67="sks>10",L66="sks<=10",IFERROR(SUMPRODUCT($I$66:I66,$J$66:J66)<10,FALSE)),AND(L67="sks>10",L66="")),(((10-SUMPRODUCT($I$66:I66,$J$66:J66))*IF('LAMPIRAN I DONE'!$F$21="Tenaga Pengajar",0.5,IF(OR('LAMPIRAN I DONE'!$F$21="Asisten Ahli",'LAMPIRAN I DONE'!$F$21="Lektor",'LAMPIRAN I DONE'!$F$21="Lektor Kepala",'LAMPIRAN I DONE'!$F$21="Guru Besar"),1,"")))+(((I67*J67)-(10-SUMPRODUCT($I$66:I66,$J$66:J66)))*IF('LAMPIRAN I DONE'!$F$21="Tenaga Pengajar",0.25,IF(OR('LAMPIRAN I DONE'!$F$21="Asisten Ahli",'LAMPIRAN I DONE'!$F$21="Lektor",'LAMPIRAN I DONE'!$F$21="Lektor Kepala",'LAMPIRAN I DONE'!$F$21="Guru Besar"),0.5,"")))),IF(OR(AND(L67="sks>10",L66="sks>10"),AND(L67="sks>10",L66="sks<=10")),I67*J67*IF('LAMPIRAN I DONE'!$F$21="Tenaga Pengajar",0.25,IF(OR('LAMPIRAN I DONE'!$F$21="Asisten Ahli",'LAMPIRAN I DONE'!$F$21="Lektor",'LAMPIRAN I DONE'!$F$21="Lektor Kepala",'LAMPIRAN I DONE'!$F$21="Guru Besar"),0.5,"")),I67*J67*IF('LAMPIRAN I DONE'!$F$21="Tenaga Pengajar",0.5,IF(OR('LAMPIRAN I DONE'!$F$21="Asisten Ahli",'LAMPIRAN I DONE'!$F$21="Lektor",'LAMPIRAN I DONE'!$F$21="Lektor Kepala",'LAMPIRAN I DONE'!$F$21="Guru Besar"),1,""))))),"rumus") -> 8 | L67: =IF(AND(I67<>"",J67<>""),(IF(SUMPRODUCT($I$67:I67,$J$67:J67)<=10,"SKS<=10",IF(SUMPRODUCT($I$67:I67,$J$67:J67)>10,"SKS>10",""))),"rumus") -> SKS<=10
A68: 2 | B68: nama mk, sks, kls | C68: 2016/2017 | D68: =IF(G68<>"rumus","SKS","") | E68: =IF(K68<>"rumus",(IF(OR(AND(L68="sks>10",L67="sks<=10",IFERROR(SUMPRODUCT($I$66:I67,$J$66:J67)<10,FALSE)),AND(L68="sks>10",L67="")),(((10-SUMPRODUCT($I$66:I67,$J$66:J67))&" x "&1)&" "&(((I68*J68)-(10-SUMPRODUCT($I$66:I67,$J$66:J67)))&" x "&1)),(I68&" x "&J68))),"") | F68: =IF(K68<>"rumus",(IF(OR(AND(L68="sks>10",L67="sks<=10",IFERROR(SUMPRODUCT($I$66:I67,$J$66:J67)<10,FALSE)),AND(L68="sks>10",L67="")),((IF('LAMPIRAN I DONE'!$F$21="Tenaga Pengajar",0.5,IF(OR('LAMPIRAN I DONE'!$F$21="Asisten Ahli",'LAMPIRAN I DONE'!$F$21="Lektor",'LAMPIRAN I DONE'!$F$21="Lektor Kepala",'LAMPIRAN I DONE'!$F$21="Guru Besar"),1,"")))&" "&(IF('LAMPIRAN I DONE'!$F$21="Tenaga Pengajar",0.25,IF(OR('LAMPIRAN I DONE'!$F$21="Asisten Ahli",'LAMPIRAN I DONE'!$F$21="Lektor",'LAMPIRAN I DONE'!$F$21="Lektor Kepala",'LAMPIRAN I DONE'!$F$21="Guru Besar"),0.5,"")))),((IF(OR(AND(L68="sks>10",L67="sks>10"),AND(L68="sks>10",L67="sks<=10")),IF('LAMPIRAN I DONE'!$F$21="Tenaga Pengajar",0.25,IF(OR('LAMPIRAN I DONE'!$F$21="Asisten Ahli",'LAMPIRAN I DONE'!$F$21="Lektor",'LAMPIRAN I DONE'!$F$21="Lektor Kepala",'LAMPIRAN I DONE'!$F$21="Guru Besar"),0.5,"")),IF('LAMPIRAN I DONE'!$F$21="Tenaga Pengajar",0.5,IF(OR('LAMPIRAN I DONE'!$F$21="Asisten Ahli",'LAMPIRAN I DONE'!$F$21="Lektor",'LAMPIRAN I DONE'!$F$21="Lektor Kepala",'LAMPIRAN I DONE'!$F$21="Guru Besar"),1,""))))))),"") | G68: =IF(K68<>"rumus",(IF(OR(AND(L68="sks>10",L67="sks<=10",IFERROR(SUMPRODUCT($I$66:I67,$J$66:J67)<10,FALSE)),AND(L68="sks>10",L67="")),(((10-SUMPRODUCT($I$66:I67,$J$66:J67))&" x "&1&" x "&IF('LAMPIRAN I DONE'!$F$21="Tenaga Pengajar",0.5,IF(OR('LAMPIRAN I DONE'!$F$21="Asisten Ahli",'LAMPIRAN I DONE'!$F$21="Lektor",'LAMPIRAN I DONE'!$F$21="Lektor Kepala",'LAMPIRAN I DONE'!$F$21="Guru Besar"),1,""))&" = "&((10-SUMPRODUCT($I$66:I67,$J$66:J67))*IF('LAMPIRAN I DONE'!$F$21="Tenaga Pengajar",0.5,IF(OR('LAMPIRAN I DONE'!$F$21="Asisten Ahli",'LAMPIRAN I DONE'!$F$21="Lektor",'LAMPIRAN I DONE'!$F$21="Lektor Kepala",'LAMPIRAN I DONE'!$F$21="Guru Besar"),1,""))))&" "&(((I68*J68)-(10-SUMPRODUCT($I$66:I67,$J$66:J67)))&" x "&1&" x "&IF('LAMPIRAN I DONE'!$F$21="Tenaga Pengajar",0.25,IF(OR('LAMPIRAN I DONE'!$F$21="Asisten Ahli",'LAMPIRAN I DONE'!$F$21="Lektor",'LAMPIRAN I DONE'!$F$21="Lektor Kepala",'LAMPIRAN I DONE'!$F$21="Guru Besar"),0.5,""))&" = "&(((I68*J68)-(10-SUMPRODUCT($I$66:I67,$J$66:J67)))*IF('LAMPIRAN I DONE'!$F$21="Tenaga Pengajar",0.25,IF(OR('LAMPIRAN I DONE'!$F$21="Asisten Ahli",'LAMPIRAN I DONE'!$F$21="Lektor",'LAMPIRAN I DONE'!$F$21="Lektor Kepala",'LAMPIRAN I DONE'!$F$21="Guru Besar"),0.5,""))))),(I68&" x "&J68&" x "&(IF(OR(AND(L68="sks>10",L67="sks>10"),AND(L68="sks>10",L67="sks<=10")),IF('LAMPIRAN I DONE'!$F$21="Tenaga Pengajar",0.25,IF(OR('LAMPIRAN I DONE'!$F$21="Asisten Ahli",'LAMPIRAN I DONE'!$F$21="Lektor",'LAMPIRAN I DONE'!$F$21="Lektor Kepala",'LAMPIRAN I DONE'!$F$21="Guru Besar"),0.5,"")),IF('LAMPIRAN I DONE'!$F$21="Tenaga Pengajar",0.5,IF(OR('LAMPIRAN I DONE'!$F$21="Asisten Ahli",'LAMPIRAN I DONE'!$F$21="Lektor",'LAMPIRAN I DONE'!$F$21="Lektor Kepala",'LAMPIRAN I DONE'!$F$21="Guru Besar"),1,""))))&" = "&K68))),"rumus") -> rumus | H68: ( Isikan Nomor SK dengan lengkap) | K68: =IF(AND(I68<>"",J68<>""),(IF(OR(AND(L68="sks>10",L67="sks<=10",IFERROR(SUMPRODUCT($I$66:I67,$J$66:J67)<10,FALSE)),AND(L68="sks>10",L67="")),(((10-SUMPRODUCT($I$66:I67,$J$66:J67))*IF('LAMPIRAN I DONE'!$F$21="Tenaga Pengajar",0.5,IF(OR('LAMPIRAN I DONE'!$F$21="Asisten Ahli",'LAMPIRAN I DONE'!$F$21="Lektor",'LAMPIRAN I DONE'!$F$21="Lektor Kepala",'LAMPIRAN I DONE'!$F$21="Guru Besar"),1,"")))+(((I68*J68)-(10-SUMPRODUCT($I$66:I67,$J$66:J67)))*IF('LAMPIRAN I DONE'!$F$21="Tenaga Pengajar",0.25,IF(OR('LAMPIRAN I DONE'!$F$21="Asisten Ahli",'LAMPIRAN I DONE'!$F$21="Lektor",'LAMPIRAN I DONE'!$F$21="Lektor Kepala",'LAMPIRAN I DONE'!$F$21="Guru Besar"),0.5,"")))),IF(OR(AND(L68="sks>10",L67="sks>10"),AND(L68="sks>10",L67="sks<=10")),I68*J68*IF('LAMPIRAN I DONE'!$F$21="Tenaga Pengajar",0.25,IF(OR('LAMPIRAN I DONE'!$F$21="Asisten Ahli",'LAMPIRAN I DONE'!$F$21="Lektor",'LAMPIRAN I DONE'!$F$21="Lektor Kepala",'LAMPIRAN I DONE'!$F$21="Guru Besar"),0.5,"")),I68*J68*IF('LAMPIRAN I DONE'!$F$21="Tenaga Pengajar",0.5,IF(OR('LAMPIRAN I DONE'!$F$21="Asisten Ahli",'LAMPIRAN I DONE'!$F$21="Lektor",'LAMPIRAN I DONE'!$F$21="Lektor Kepala",'LAMPIRAN I DONE'!$F$21="Guru Besar"),1,""))))),"rumus") -> rumus | L68: =IF(AND(I68<>"",J68<>""),(IF(SUMPRODUCT($I$67:I68,$J$67:J68)<=10,"SKS<=10",IF(SUMPRODUCT($I$67:I68,$J$67:J68)>10,"SKS>10",""))),"rumus") -> rumus
A69: 3 | B69: nama mk, sks, kls | C69: 2016/2017 | D69: =IF(G69<>"rumus","SKS","") | E69: =IF(K69<>"rumus",(IF(OR(AND(L69="sks>10",L68="sks<=10",IFERROR(SUMPRODUCT($I$66:I68,$J$66:J68)<10,FALSE)),AND(L69="sks>10",L68="")),(((10-SUMPRODUCT($I$66:I68,$J$66:J68))&" x "&1)&" "&(((I69*J69)-(10-SUMPRODUCT($I$66:I68,$J$66:J68)))&" x "&1)),(I69&" x "&J69))),"") | F69: =IF(K69<>"rumus",(IF(OR(AND(L69="sks>10",L68="sks<=10",IFERROR(SUMPRODUCT($I$66:I68,$J$66:J68)<10,FALSE)),AND(L69="sks>10",L68="")),((IF('LAMPIRAN I DONE'!$F$21="Tenaga Pengajar",0.5,IF(OR('LAMPIRAN I DONE'!$F$21="Asisten Ahli",'LAMPIRAN I DONE'!$F$21="Lektor",'LAMPIRAN I DONE'!$F$21="Lektor Kepala",'LAMPIRAN I DONE'!$F$21="Guru Besar"),1,"")))&" "&(IF('LAMPIRAN I DONE'!$F$21="Tenaga Pengajar",0.25,IF(OR('LAMPIRAN I DONE'!$F$21="Asisten Ahli",'LAMPIRAN I DONE'!$F$21="Lektor",'LAMPIRAN I DONE'!$F$21="Lektor Kepala",'LAMPIRAN I DONE'!$F$21="Guru Besar"),0.5,"")))),((IF(OR(AND(L69="sks>10",L68="sks>10"),AND(L69="sks>10",L68="sks<=10")),IF('LAMPIRAN I DONE'!$F$21="Tenaga Pengajar",0.25,IF(OR('LAMPIRAN I DONE'!$F$21="Asisten Ahli",'LAMPIRAN I DONE'!$F$21="Lektor",'LAMPIRAN I DONE'!$F$21="Lektor Kepala",'LAMPIRAN I DONE'!$F$21="Guru Besar"),0.5,"")),IF('LAMPIRAN I DONE'!$F$21="Tenaga Pengajar",0.5,IF(OR('LAMPIRAN I DONE'!$F$21="Asisten Ahli",'LAMPIRAN I DONE'!$F$21="Lektor",'LAMPIRAN I DONE'!$F$21="Lektor Kepala",'LAMPIRAN I DONE'!$F$21="Guru Besar"),1,""))))))),"") | G69: =IF(K69<>"rumus",(IF(OR(AND(L69="sks>10",L68="sks<=10",IFERROR(SUMPRODUCT($I$66:I68,$J$66:J68)<10,FALSE)),AND(L69="sks>10",L68="")),(((10-SUMPRODUCT($I$66:I68,$J$66:J68))&" x "&1&" x "&IF('LAMPIRAN I DONE'!$F$21="Tenaga Pengajar",0.5,IF(OR('LAMPIRAN I DONE'!$F$21="Asisten Ahli",'LAMPIRAN I DONE'!$F$21="Lektor",'LAMPIRAN I DONE'!$F$21="Lektor Kepala",'LAMPIRAN I DONE'!$F$21="Guru Besar"),1,""))&" = "&((10-SUMPRODUCT($I$66:I68,$J$66:J68))*IF('LAMPIRAN I DONE'!$F$21="Tenaga Pengajar",0.5,IF(OR('LAMPIRAN I DONE'!$F$21="Asisten Ahli",'LAMPIRAN I DONE'!$F$21="Lektor",'LAMPIRAN I DONE'!$F$21="Lektor Kepala",'LAMPIRAN I DONE'!$F$21="Guru Besar"),1,""))))&" "&(((I69*J69)-(10-SUMPRODUCT($I$66:I68,$J$66:J68)))&" x "&1&" x "&IF('LAMPIRAN I DONE'!$F$21="Tenaga Pengajar",0.25,IF(OR('LAMPIRAN I DONE'!$F$21="Asisten Ahli",'LAMPIRAN I DONE'!$F$21="Lektor",'LAMPIRAN I DONE'!$F$21="Lektor Kepala",'LAMPIRAN I DONE'!$F$21="Guru Besar"),0.5,""))&" = "&(((I69*J69)-(10-SUMPRODUCT($I$66:I68,$J$66:J68)))*IF('LAMPIRAN I DONE'!$F$21="Tenaga Pengajar",0.25,IF(OR('LAMPIRAN I DONE'!$F$21="Asisten Ahli",'LAMPIRAN I DONE'!$F$21="Lektor",'LAMPIRAN I DONE'!$F$21="Lektor Kepala",'LAMPIRAN I DONE'!$F$21="Guru Besar"),0.5,""))))),(I69&" x "&J69&" x "&(IF(OR(AND(L69="sks>10",L68="sks>10"),AND(L69="sks>10",L68="sks<=10")),IF('LAMPIRAN I DONE'!$F$21="Tenaga Pengajar",0.25,IF(OR('LAMPIRAN I DONE'!$F$21="Asisten Ahli",'LAMPIRAN I DONE'!$F$21="Lektor",'LAMPIRAN I DONE'!$F$21="Lektor Kepala",'LAMPIRAN I DONE'!$F$21="Guru Besar"),0.5,"")),IF('LAMPIRAN I DONE'!$F$21="Tenaga Pengajar",0.5,IF(OR('LAMPIRAN I DONE'!$F$21="Asisten Ahli",'LAMPIRAN I DONE'!$F$21="Lektor",'LAMPIRAN I DONE'!$F$21="Lektor Kepala",'LAMPIRAN I DONE'!$F$21="Guru Besar"),1,""))))&" = "&K69))),"rumus") -> rumus | H69: ( Isikan Nomor SK dengan lengkap) | K69: =IF(AND(I69<>"",J69<>""),(IF(OR(AND(L69="sks>10",L68="sks<=10",IFERROR(SUMPRODUCT($I$66:I68,$J$66:J68)<10,FALSE)),AND(L69="sks>10",L68="")),(((10-SUMPRODUCT($I$66:I68,$J$66:J68))*IF('LAMPIRAN I DONE'!$F$21="Tenaga Pengajar",0.5,IF(OR('LAMPIRAN I DONE'!$F$21="Asisten Ahli",'LAMPIRAN I DONE'!$F$21="Lektor",'LAMPIRAN I DONE'!$F$21="Lektor Kepala",'LAMPIRAN I DONE'!$F$21="Guru Besar"),1,"")))+(((I69*J69)-(10-SUMPRODUCT($I$66:I68,$J$66:J68)))*IF('LAMPIRAN I DONE'!$F$21="Tenaga Pengajar",0.25,IF(OR('LAMPIRAN I DONE'!$F$21="Asisten Ahli",'LAMPIRAN I DONE'!$F$21="Lektor",'LAMPIRAN I DONE'!$F$21="Lektor Kepala",'LAMPIRAN I DONE'!$F$21="Guru Besar"),0.5,"")))),IF(OR(AND(L69="sks>10",L68="sks>10"),AND(L69="sks>10",L68="sks<=10")),I69*J69*IF('LAMPIRAN I DONE'!$F$21="Tenaga Pengajar",0.25,IF(OR('LAMPIRAN I DONE'!$F$21="Asisten Ahli",'LAMPIRAN I DONE'!$F$21="Lektor",'LAMPIRAN I DONE'!$F$21="Lektor Kepala",'LAMPIRAN I DONE'!$F$21="Guru Besar"),0.5,"")),I69*J69*IF('LAMPIRAN I DONE'!$F$21="Tenaga Pengajar",0.5,IF(OR('LAMPIRAN I DONE'!$F$21="Asisten Ahli",'LAMPIRAN I DONE'!$F$21="Lektor",'LAMPIRAN I DONE'!$F$21="Lektor Kepala",'LAMPIRAN I DONE'!$F$21="Guru Besar"),1,""))))),"rumus") -> rumus | L69: =IF(AND(I69<>"",J69<>""),(IF(SUMPRODUCT($I$67:I69,$J$67:J69)<=10,"SKS<=10",IF(SUMPRODUCT($I$67:I69,$J$67:J69)>10,"SKS>10",""))),"rumus") -> rumus
A70: 4 | B70: nama mk, sks, kls | C70: 2016/2017 | D70: =IF(G70<>"rumus","SKS","") | E70: =IF(K70<>"rumus",(IF(OR(AND(L70="sks>10",L69="sks<=10",IFERROR(SUMPRODUCT($I$66:I69,$J$66:J69)<10,FALSE)),AND(L70="sks>10",L69="")),(((10-SUMPRODUCT($I$66:I69,$J$66:J69))&" x "&1)&" "&(((I70*J70)-(10-SUMPRODUCT($I$66:I69,$J$66:J69)))&" x "&1)),(I70&" x "&J70))),"") | F70: =IF(K70<>"rumus",(IF(OR(AND(L70="sks>10",L69="sks<=10",IFERROR(SUMPRODUCT($I$66:I69,$J$66:J69)<10,FALSE)),AND(L70="sks>10",L69="")),((IF('LAMPIRAN I DONE'!$F$21="Tenaga Pengajar",0.5,IF(OR('LAMPIRAN I DONE'!$F$21="Asisten Ahli",'LAMPIRAN I DONE'!$F$21="Lektor",'LAMPIRAN I DONE'!$F$21="Lektor Kepala",'LAMPIRAN I DONE'!$F$21="Guru Besar"),1,"")))&" "&(IF('LAMPIRAN I DONE'!$F$21="Tenaga Pengajar",0.25,IF(OR('LAMPIRAN I DONE'!$F$21="Asisten Ahli",'LAMPIRAN I DONE'!$F$21="Lektor",'LAMPIRAN I DONE'!$F$21="Lektor Kepala",'LAMPIRAN I DONE'!$F$21="Guru Besar"),0.5,"")))),((IF(OR(AND(L70="sks>10",L69="sks>10"),AND(L70="sks>10",L69="sks<=10")),IF('LAMPIRAN I DONE'!$F$21="Tenaga Pengajar",0.25,IF(OR('LAMPIRAN I DONE'!$F$21="Asisten Ahli",'LAMPIRAN I DONE'!$F$21="Lektor",'LAMPIRAN I DONE'!$F$21="Lektor Kepala",'LAMPIRAN I DONE'!$F$21="Guru Besar"),0.5,"")),IF('LAMPIRAN I DONE'!$F$21="Tenaga Pengajar",0.5,IF(OR('LAMPIRAN I DONE'!$F$21="Asisten Ahli",'LAMPIRAN I DONE'!$F$21="Lektor",'LAMPIRAN I DONE'!$F$21="Lektor Kepala",'LAMPIRAN I DONE'!$F$21="Guru Besar"),1,""))))))),"") | G70: =IF(K70<>"rumus",(IF(OR(AND(L70="sks>10",L69="sks<=10",IFERROR(SUMPRODUCT($I$66:I69,$J$66:J69)<10,FALSE)),AND(L70="sks>10",L69="")),(((10-SUMPRODUCT($I$66:I69,$J$66:J69))&" x "&1&" x "&IF('LAMPIRAN I DONE'!$F$21="Tenaga Pengajar",0.5,IF(OR('LAMPIRAN I DONE'!$F$21="Asisten Ahli",'LAMPIRAN I DONE'!$F$21="Lektor",'LAMPIRAN I DONE'!$F$21="Lektor Kepala",'LAMPIRAN I DONE'!$F$21="Guru Besar"),1,""))&" = "&((10-SUMPRODUCT($I$66:I69,$J$66:J69))*IF('LAMPIRAN I DONE'!$F$21="Tenaga Pengajar",0.5,IF(OR('LAMPIRAN I DONE'!$F$21="Asisten Ahli",'LAMPIRAN I DONE'!$F$21="Lektor",'LAMPIRAN I DONE'!$F$21="Lektor Kepala",'LAMPIRAN I DONE'!$F$21="Guru Besar"),1,""))))&" "&(((I70*J70)-(10-SUMPRODUCT($I$66:I69,$J$66:J69)))&" x "&1&" x "&IF('LAMPIRAN I DONE'!$F$21="Tenaga Pengajar",0.25,IF(OR('LAMPIRAN I DONE'!$F$21="Asisten Ahli",'LAMPIRAN I DONE'!$F$21="Lektor",'LAMPIRAN I DONE'!$F$21="Lektor Kepala",'LAMPIRAN I DONE'!$F$21="Guru Besar"),0.5,""))&" = "&(((I70*J70)-(10-SUMPRODUCT($I$66:I69,$J$66:J69)))*IF('LAMPIRAN I DONE'!$F$21="Tenaga Pengajar",0.25,IF(OR('LAMPIRAN I DONE'!$F$21="Asisten Ahli",'LAMPIRAN I DONE'!$F$21="Lektor",'LAMPIRAN I DONE'!$F$21="Lektor Kepala",'LAMPIRAN I DONE'!$F$21="Guru Besar"),0.5,""))))),(I70&" x "&J70&" x "&(IF(OR(AND(L70="sks>10",L69="sks>10"),AND(L70="sks>10",L69="sks<=10")),IF('LAMPIRAN I DONE'!$F$21="Tenaga Pengajar",0.25,IF(OR('LAMPIRAN I DONE'!$F$21="Asisten Ahli",'LAMPIRAN I DONE'!$F$21="Lektor",'LAMPIRAN I DONE'!$F$21="Lektor Kepala",'LAMPIRAN I DONE'!$F$21="Guru Besar"),0.5,"")),IF('LAMPIRAN I DONE'!$F$21="Tenaga Pengajar",0.5,IF(OR('LAMPIRAN I DONE'!$F$21="Asisten Ahli",'LAMPIRAN I DONE'!$F$21="Lektor",'LAMPIRAN I DONE'!$F$21="Lektor Kepala",'LAMPIRAN I DONE'!$F$21="Guru Besar"),1,""))))&" = "&K70))),"rumus") -> rumus | H70: ( Isikan Nomor SK dengan lengkap) | K70: =IF(AND(I70<>"",J70<>""),(IF(OR(AND(L70="sks>10",L69="sks<=10",IFERROR(SUMPRODUCT($I$66:I69,$J$66:J69)<10,FALSE)),AND(L70="sks>10",L69="")),(((10-SUMPRODUCT($I$66:I69,$J$66:J69))*IF('LAMPIRAN I DONE'!$F$21="Tenaga Pengajar",0.5,IF(OR('LAMPIRAN I DONE'!$F$21="Asisten Ahli",'LAMPIRAN I DONE'!$F$21="Lektor",'LAMPIRAN I DONE'!$F$21="Lektor Kepala",'LAMPIRAN I DONE'!$F$21="Guru Besar"),1,"")))+(((I70*J70)-(10-SUMPRODUCT($I$66:I69,$J$66:J69)))*IF('LAMPIRAN I DONE'!$F$21="Tenaga Pengajar",0.25,IF(OR('LAMPIRAN I DONE'!$F$21="Asisten Ahli",'LAMPIRAN I DONE'!$F$21="Lektor",'LAMPIRAN I DONE'!$F$21="Lektor Kepala",'LAMPIRAN I DONE'!$F$21="Guru Besar"),0.5,"")))),IF(OR(AND(L70="sks>10",L69="sks>10"),AND(L70="sks>10",L69="sks<=10")),I70*J70*IF('LAMPIRAN I DONE'!$F$21="Tenaga Pengajar",0.25,IF(OR('LAMPIRAN I DONE'!$F$21="Asisten Ahli",'LAMPIRAN I DONE'!$F$21="Lektor",'LAMPIRAN I DONE'!$F$21="Lektor Kepala",'LAMPIRAN I DONE'!$F$21="Guru Besar"),0.5,"")),I70*J70*IF('LAMPIRAN I DONE'!$F$21="Tenaga Pengajar",0.5,IF(OR('LAMPIRAN I DONE'!$F$21="Asisten Ahli",'LAMPIRAN I DONE'!$F$21="Lektor",'LAMPIRAN I DONE'!$F$21="Lektor Kepala",'LAMPIRAN I DONE'!$F$21="Guru Besar"),1,""))))),"rumus") -> rumus | L70: =IF(AND(I70<>"",J70<>""),(IF(SUMPRODUCT($I$67:I70,$J$67:J70)<=10,"SKS<=10",IF(SUMPRODUCT($I$67:I70,$J$67:J70)>10,"SKS>10",""))),"rumus") -> rumus
A71: 5 | B71: nama mk, sks, kls | C71: 2016/2017 | D71: =IF(G71<>"rumus","SKS","") | E71: =IF(K71<>"rumus",(IF(OR(AND(L71="sks>10",L70="sks<=10",IFERROR(SUMPRODUCT($I$66:I70,$J$66:J70)<10,FALSE)),AND(L71="sks>10",L70="")),(((10-SUMPRODUCT($I$66:I70,$J$66:J70))&" x "&1)&" "&(((I71*J71)-(10-SUMPRODUCT($I$66:I70,$J$66:J70)))&" x "&1)),(I71&" x "&J71))),"") | F71: =IF(K71<>"rumus",(IF(OR(AND(L71="sks>10",L70="sks<=10",IFERROR(SUMPRODUCT($I$66:I70,$J$66:J70)<10,FALSE)),AND(L71="sks>10",L70="")),((IF('LAMPIRAN I DONE'!$F$21="Tenaga Pengajar",0.5,IF(OR('LAMPIRAN I DONE'!$F$21="Asisten Ahli",'LAMPIRAN I DONE'!$F$21="Lektor",'LAMPIRAN I DONE'!$F$21="Lektor Kepala",'LAMPIRAN I DONE'!$F$21="Guru Besar"),1,"")))&" "&(IF('LAMPIRAN I DONE'!$F$21="Tenaga Pengajar",0.25,IF(OR('LAMPIRAN I DONE'!$F$21="Asisten Ahli",'LAMPIRAN I DONE'!$F$21="Lektor",'LAMPIRAN I DONE'!$F$21="Lektor Kepala",'LAMPIRAN I DONE'!$F$21="Guru Besar"),0.5,"")))),((IF(OR(AND(L71="sks>10",L70="sks>10"),AND(L71="sks>10",L70="sks<=10")),IF('LAMPIRAN I DONE'!$F$21="Tenaga Pengajar",0.25,IF(OR('LAMPIRAN I DONE'!$F$21="Asisten Ahli",'LAMPIRAN I DONE'!$F$21="Lektor",'LAMPIRAN I DONE'!$F$21="Lektor Kepala",'LAMPIRAN I DONE'!$F$21="Guru Besar"),0.5,"")),IF('LAMPIRAN I DONE'!$F$21="Tenaga Pengajar",0.5,IF(OR('LAMPIRAN I DONE'!$F$21="Asisten Ahli",'LAMPIRAN I DONE'!$F$21="Lektor",'LAMPIRAN I DONE'!$F$21="Lektor Kepala",'LAMPIRAN I DONE'!$F$21="Guru Besar"),1,""))))))),"") | G71: =IF(K71<>"rumus",(IF(OR(AND(L71="sks>10",L70="sks<=10",IFERROR(SUMPRODUCT($I$66:I70,$J$66:J70)<10,FALSE)),AND(L71="sks>10",L70="")),(((10-SUMPRODUCT($I$66:I70,$J$66:J70))&" x "&1&" x "&IF('LAMPIRAN I DONE'!$F$21="Tenaga Pengajar",0.5,IF(OR('LAMPIRAN I DONE'!$F$21="Asisten Ahli",'LAMPIRAN I DONE'!$F$21="Lektor",'LAMPIRAN I DONE'!$F$21="Lektor Kepala",'LAMPIRAN I DONE'!$F$21="Guru Besar"),1,""))&" = "&((10-SUMPRODUCT($I$66:I70,$J$66:J70))*IF('LAMPIRAN I DONE'!$F$21="Tenaga Pengajar",0.5,IF(OR('LAMPIRAN I DONE'!$F$21="Asisten Ahli",'LAMPIRAN I DONE'!$F$21="Lektor",'LAMPIRAN I DONE'!$F$21="Lektor Kepala",'LAMPIRAN I DONE'!$F$21="Guru Besar"),1,""))))&" "&(((I71*J71)-(10-SUMPRODUCT($I$66:I70,$J$66:J70)))&" x "&1&" x "&IF('LAMPIRAN I DONE'!$F$21="Tenaga Pengajar",0.25,IF(OR('LAMPIRAN I DONE'!$F$21="Asisten Ahli",'LAMPIRAN I DONE'!$F$21="Lektor",'LAMPIRAN I DONE'!$F$21="Lektor Kepala",'LAMPIRAN I DONE'!$F$21="Guru Besar"),0.5,""))&" = "&(((I71*J71)-(10-SUMPRODUCT($I$66:I70,$J$66:J70)))*IF('LAMPIRAN I DONE'!$F$21="Tenaga Pengajar",0.25,IF(OR('LAMPIRAN I DONE'!$F$21="Asisten Ahli",'LAMPIRAN I DONE'!$F$21="Lektor",'LAMPIRAN I DONE'!$F$21="Lektor Kepala",'LAMPIRAN I DONE'!$F$21="Guru Besar"),0.5,""))))),(I71&" x "&J71&" x "&(IF(OR(AND(L71="sks>10",L70="sks>10"),AND(L71="sks>10",L70="sks<=10")),IF('LAMPIRAN I DONE'!$F$21="Tenaga Pengajar",0.25,IF(OR('LAMPIRAN I DONE'!$F$21="Asisten Ahli",'LAMPIRAN I DONE'!$F$21="Lektor",'LAMPIRAN I DONE'!$F$21="Lektor Kepala",'LAMPIRAN I DONE'!$F$21="Guru Besar"),0.5,"")),IF('LAMPIRAN I DONE'!$F$21="Tenaga Pengajar",0.5,IF(OR('LAMPIRAN I DONE'!$F$21="Asisten Ahli",'LAMPIRAN I DONE'!$F$21="Lektor",'LAMPIRAN I DONE'!$F$21="Lektor Kepala",'LAMPIRAN I DONE'!$F$21="Guru Besar"),1,""))))&" = "&K71))),"rumus") -> rumus | H71: ( Isikan Nomor SK dengan lengkap) | K71: =IF(AND(I71<>"",J71<>""),(IF(OR(AND(L71="sks>10",L70="sks<=10",IFERROR(SUMPRODUCT($I$66:I70,$J$66:J70)<10,FALSE)),AND(L71="sks>10",L70="")),(((10-SUMPRODUCT($I$66:I70,$J$66:J70))*IF('LAMPIRAN I DONE'!$F$21="Tenaga Pengajar",0.5,IF(OR('LAMPIRAN I DONE'!$F$21="Asisten Ahli",'LAMPIRAN I DONE'!$F$21="Lektor",'LAMPIRAN I DONE'!$F$21="Lektor Kepala",'LAMPIRAN I DONE'!$F$21="Guru Besar"),1,"")))+(((I71*J71)-(10-SUMPRODUCT($I$66:I70,$J$66:J70)))*IF('LAMPIRAN I DONE'!$F$21="Tenaga Pengajar",0.25,IF(OR('LAMPIRAN I DONE'!$F$21="Asisten Ahli",'LAMPIRAN I DONE'!$F$21="Lektor",'LAMPIRAN I DONE'!$F$21="Lektor Kepala",'LAMPIRAN I DONE'!$F$21="Guru Besar"),0.5,"")))),IF(OR(AND(L71="sks>10",L70="sks>10"),AND(L71="sks>10",L70="sks<=10")),I71*J71*IF('LAMPIRAN I DONE'!$F$21="Tenaga Pengajar",0.25,IF(OR('LAMPIRAN I DONE'!$F$21="Asisten Ahli",'LAMPIRAN I DONE'!$F$21="Lektor",'LAMPIRAN I DONE'!$F$21="Lektor Kepala",'LAMPIRAN I DONE'!$F$21="Guru Besar"),0.5,"")),I71*J71*IF('LAMPIRAN I DONE'!$F$21="Tenaga Pengajar",0.5,IF(OR('LAMPIRAN I DONE'!$F$21="Asisten Ahli",'LAMPIRAN I DONE'!$F$21="Lektor",'LAMPIRAN I DONE'!$F$21="Lektor Kepala",'LAMPIRAN I DONE'!$F$21="Guru Besar"),1,""))))),"rumus") -> rumus | L71: =IF(AND(I71<>"",J71<>""),(IF(SUMPRODUCT($I$67:I71,$J$67:J71)<=10,"SKS<=10",IF(SUMPRODUCT($I$67:I71,$J$67:J71)>10,"SKS>10",""))),"rumus") -> rumus
A72: 6 | B72: nama mk, sks, kls | C72: 2016/2017 | D72: =IF(G72<>"rumus","SKS","") | E72: =IF(K72<>"rumus",(IF(OR(AND(L72="sks>10",L71="sks<=10",IFERROR(SUMPRODUCT($I$66:I71,$J$66:J71)<10,FALSE)),AND(L72="sks>10",L71="")),(((10-SUMPRODUCT($I$66:I71,$J$66:J71))&" x "&1)&" "&(((I72*J72)-(10-SUMPRODUCT($I$66:I71,$J$66:J71)))&" x "&1)),(I72&" x "&J72))),"") | F72: =IF(K72<>"rumus",(IF(OR(AND(L72="sks>10",L71="sks<=10",IFERROR(SUMPRODUCT($I$66:I71,$J$66:J71)<10,FALSE)),AND(L72="sks>10",L71="")),((IF('LAMPIRAN I DONE'!$F$21="Tenaga Pengajar",0.5,IF(OR('LAMPIRAN I DONE'!$F$21="Asisten Ahli",'LAMPIRAN I DONE'!$F$21="Lektor",'LAMPIRAN I DONE'!$F$21="Lektor Kepala",'LAMPIRAN I DONE'!$F$21="Guru Besar"),1,"")))&" "&(IF('LAMPIRAN I DONE'!$F$21="Tenaga Pengajar",0.25,IF(OR('LAMPIRAN I DONE'!$F$21="Asisten Ahli",'LAMPIRAN I DONE'!$F$21="Lektor",'LAMPIRAN I DONE'!$F$21="Lektor Kepala",'LAMPIRAN I DONE'!$F$21="Guru Besar"),0.5,"")))),((IF(OR(AND(L72="sks>10",L71="sks>10"),AND(L72="sks>10",L71="sks<=10")),IF('LAMPIRAN I DONE'!$F$21="Tenaga Pengajar",0.25,IF(OR('LAMPIRAN I DONE'!$F$21="Asisten Ahli",'LAMPIRAN I DONE'!$F$21="Lektor",'LAMPIRAN I DONE'!$F$21="Lektor Kepala",'LAMPIRAN I DONE'!$F$21="Guru Besar"),0.5,"")),IF('LAMPIRAN I DONE'!$F$21="Tenaga Pengajar",0.5,IF(OR('LAMPIRAN I DONE'!$F$21="Asisten Ahli",'LAMPIRAN I DONE'!$F$21="Lektor",'LAMPIRAN I DONE'!$F$21="Lektor Kepala",'LAMPIRAN I DONE'!$F$21="Guru Besar"),1,""))))))),"") | G72: =IF(K72<>"rumus",(IF(OR(AND(L72="sks>10",L71="sks<=10",IFERROR(SUMPRODUCT($I$66:I71,$J$66:J71)<10,FALSE)),AND(L72="sks>10",L71="")),(((10-SUMPRODUCT($I$66:I71,$J$66:J71))&" x "&1&" x "&IF('LAMPIRAN I DONE'!$F$21="Tenaga Pengajar",0.5,IF(OR('LAMPIRAN I DONE'!$F$21="Asisten Ahli",'LAMPIRAN I DONE'!$F$21="Lektor",'LAMPIRAN I DONE'!$F$21="Lektor Kepala",'LAMPIRAN I DONE'!$F$21="Guru Besar"),1,""))&" = "&((10-SUMPRODUCT($I$66:I71,$J$66:J71))*IF('LAMPIRAN I DONE'!$F$21="Tenaga Pengajar",0.5,IF(OR('LAMPIRAN I DONE'!$F$21="Asisten Ahli",'LAMPIRAN I DONE'!$F$21="Lektor",'LAMPIRAN I DONE'!$F$21="Lektor Kepala",'LAMPIRAN I DONE'!$F$21="Guru Besar"),1,""))))&" "&(((I72*J72)-(10-SUMPRODUCT($I$66:I71,$J$66:J71)))&" x "&1&" x "&IF('LAMPIRAN I DONE'!$F$21="Tenaga Pengajar",0.25,IF(OR('LAMPIRAN I DONE'!$F$21="Asisten Ahli",'LAMPIRAN I DONE'!$F$21="Lektor",'LAMPIRAN I DONE'!$F$21="Lektor Kepala",'LAMPIRAN I DONE'!$F$21="Guru Besar"),0.5,""))&" = "&(((I72*J72)-(10-SUMPRODUCT($I$66:I71,$J$66:J71)))*IF('LAMPIRAN I DONE'!$F$21="Tenaga Pengajar",0.25,IF(OR('LAMPIRAN I DONE'!$F$21="Asisten Ahli",'LAMPIRAN I DONE'!$F$21="Lektor",'LAMPIRAN I DONE'!$F$21="Lektor Kepala",'LAMPIRAN I DONE'!$F$21="Guru Besar"),0.5,""))))),(I72&" x "&J72&" x "&(IF(OR(AND(L72="sks>10",L71="sks>10"),AND(L72="sks>10",L71="sks<=10")),IF('LAMPIRAN I DONE'!$F$21="Tenaga Pengajar",0.25,IF(OR('LAMPIRAN I DONE'!$F$21="Asisten Ahli",'LAMPIRAN I DONE'!$F$21="Lektor",'LAMPIRAN I DONE'!$F$21="Lektor Kepala",'LAMPIRAN I DONE'!$F$21="Guru Besar"),0.5,"")),IF('LAMPIRAN I DONE'!$F$21="Tenaga Pengajar",0.5,IF(OR('LAMPIRAN I DONE'!$F$21="Asisten Ahli",'LAMPIRAN I DONE'!$F$21="Lektor",'LAMPIRAN I DONE'!$F$21="Lektor Kepala",'LAMPIRAN I DONE'!$F$21="Guru Besar"),1,""))))&" = "&K72))),"rumus") -> rumus | H72: ( Isikan Nomor SK dengan lengkap) | K72: =IF(AND(I72<>"",J72<>""),(IF(OR(AND(L72="sks>10",L71="sks<=10",IFERROR(SUMPRODUCT($I$66:I71,$J$66:J71)<10,FALSE)),AND(L72="sks>10",L71="")),(((10-SUMPRODUCT($I$66:I71,$J$66:J71))*IF('LAMPIRAN I DONE'!$F$21="Tenaga Pengajar",0.5,IF(OR('LAMPIRAN I DONE'!$F$21="Asisten Ahli",'LAMPIRAN I DONE'!$F$21="Lektor",'LAMPIRAN I DONE'!$F$21="Lektor Kepala",'LAMPIRAN I DONE'!$F$21="Guru Besar"),1,"")))+(((I72*J72)-(10-SUMPRODUCT($I$66:I71,$J$66:J71)))*IF('LAMPIRAN I DONE'!$F$21="Tenaga Pengajar",0.25,IF(OR('LAMPIRAN I DONE'!$F$21="Asisten Ahli",'LAMPIRAN I DONE'!$F$21="Lektor",'LAMPIRAN I DONE'!$F$21="Lektor Kepala",'LAMPIRAN I DONE'!$F$21="Guru Besar"),0.5,"")))),IF(OR(AND(L72="sks>10",L71="sks>10"),AND(L72="sks>10",L71="sks<=10")),I72*J72*IF('LAMPIRAN I DONE'!$F$21="Tenaga Pengajar",0.25,IF(OR('LAMPIRAN I DONE'!$F$21="Asisten Ahli",'LAMPIRAN I DONE'!$F$21="Lektor",'LAMPIRAN I DONE'!$F$21="Lektor Kepala",'LAMPIRAN I DONE'!$F$21="Guru Besar"),0.5,"")),I72*J72*IF('LAMPIRAN I DONE'!$F$21="Tenaga Pengajar",0.5,IF(OR('LAMPIRAN I DONE'!$F$21="Asisten Ahli",'LAMPIRAN I DONE'!$F$21="Lektor",'LAMPIRAN I DONE'!$F$21="Lektor Kepala",'LAMPIRAN I DONE'!$F$21="Guru Besar"),1,""))))),"rumus") -> rumus | L72: =IF(AND(I72<>"",J72<>""),(IF(SUMPRODUCT($I$67:I72,$J$67:J72)<=10,"SKS<=10",IF(SUMPRODUCT($I$67:I72,$J$67:J72)>10,"SKS>10",""))),"rumus") -> rumus
B73: ="a. Semester Gasal "&IF(C74<>"",C74,"")&" :" -> a. Semester Gasal 2017/2018 : | M73: =IF((AND(N73="Max 5,5",SUM(K67:K72)<=5.5)),SUM(K67:K72),IF((AND(N73="Max 5,5",SUM(K67:K72)>5.5)),5.5,IF((AND(N73="Max 11",SUM(K67:K72)<=11)),SUM(K67:K72),IF((AND(N73="Max 11",SUM(K67:K72)>11)),11,"")))) -> 8 | N73: =IF('LAMPIRAN I DONE'!$F$21="Tenaga Pengajar","Max 5,5",IF(OR('LAMPIRAN I DONE'!$F$21="Asisten Ahli",'LAMPIRAN I DONE'!$F$21="Lektor",'LAMPIRAN I DONE'!$F$21="Lektor Kepala",'LAMPIRAN I DONE'!$F$21="Guru Besar"),"Max 11","")) -> Max 11
A74: 1 | B74: DPH1B4 Algoritma dan Pemrograman Komputer, 4sks, 1kls | C74: 2017/2018 | D74: =IF(G74<>"rumus","SKS","") -> SKS | E74: =IF(K74<>"rumus",(IF(OR(AND(L74="sks>10",L73="sks<=10",IFERROR(SUMPRODUCT($I$73:I73,$J$73:J73)<10,FALSE)),AND(L74="sks>10",L73="")),(((10-SUMPRODUCT($I$73:I73,$J$73:J73))&" x "&1)&" "&(((I74*J74)-(10-SUMPRODUCT($I$73:I73,$J$73:J73)))&" x "&1)),(I74&" x "&J74))),"") -> 4 x 1 | F74: =IF(K74<>"rumus",(IF(OR(AND(L74="sks>10",L73="sks<=10",IFERROR(SUMPRODUCT($I$73:I73,$J$73:J73)<10,FALSE)),AND(L74="sks>10",L73="")),((IF('LAMPIRAN I DONE'!$F$21="Tenaga Pengajar",0.5,IF(OR('LAMPIRAN I DONE'!$F$21="Asisten Ahli",'LAMPIRAN I DONE'!$F$21="Lektor",'LAMPIRAN I DONE'!$F$21="Lektor Kepala",'LAMPIRAN I DONE'!$F$21="Guru Besar"),1,"")))&" "&(IF('LAMPIRAN I DONE'!$F$21="Tenaga Pengajar",0.25,IF(OR('LAMPIRAN I DONE'!$F$21="Asisten Ahli",'LAMPIRAN I DONE'!$F$21="Lektor",'LAMPIRAN I DONE'!$F$21="Lektor Kepala",'LAMPIRAN I DONE'!$F$21="Guru Besar"),0.5,"")))),((IF(OR(AND(L74="sks>10",L73="sks>10"),AND(L74="sks>10",L73="sks<=10")),IF('LAMPIRAN I DONE'!$F$21="Tenaga Pengajar",0.25,IF(OR('LAMPIRAN I DONE'!$F$21="Asisten Ahli",'LAMPIRAN I DONE'!$F$21="Lektor",'LAMPIRAN I DONE'!$F$21="Lektor Kepala",'LAMPIRAN I DONE'!$F$21="Guru Besar"),0.5,"")),IF('LAMPIRAN I DONE'!$F$21="Tenaga Pengajar",0.5,IF(OR('LAMPIRAN I DONE'!$F$21="Asisten Ahli",'LAMPIRAN I DONE'!$F$21="Lektor",'LAMPIRAN I DONE'!$F$21="Lektor Kepala",'LAMPIRAN I DONE'!$F$21="Guru Besar"),1,""))))))),"") -> 1 | G74: =IF(K74<>"rumus",(IF(OR(AND(L74="sks>10",L73="sks<=10",IFERROR(SUMPRODUCT($I$73:I73,$J$73:J73)<10,FALSE)),AND(L74="sks>10",L73="")),(((10-SUMPRODUCT($I$73:I73,$J$73:J73))&" x "&1&" x "&IF('LAMPIRAN I DONE'!$F$21="Tenaga Pengajar",0.5,IF(OR('LAMPIRAN I DONE'!$F$21="Asisten Ahli",'LAMPIRAN I DONE'!$F$21="Lektor",'LAMPIRAN I DONE'!$F$21="Lektor Kepala",'LAMPIRAN I DONE'!$F$21="Guru Besar"),1,""))&" = "&((10-SUMPRODUCT($I$73:I73,$J$73:J73))*IF('LAMPIRAN I DONE'!$F$21="Tenaga Pengajar",0.5,IF(OR('LAMPIRAN I DONE'!$F$21="Asisten Ahli",'LAMPIRAN I DONE'!$F$21="Lektor",'LAMPIRAN I DONE'!$F$21="Lektor Kepala",'LAMPIRAN I DONE'!$F$21="Guru Besar"),1,""))))&" "&(((I74*J74)-(10-SUMPRODUCT($I$73:I73,$J$73:J73)))&" x "&1&" x "&IF('LAMPIRAN I DONE'!$F$21="Tenaga Pengajar",0.25,IF(OR('LAMPIRAN I DONE'!$F$21="Asisten Ahli",'LAMPIRAN I DONE'!$F$21="Lektor",'LAMPIRAN I DONE'!$F$21="Lektor Kepala",'LAMPIRAN I DONE'!$F$21="Guru Besar"),0.5,""))&" = "&(((I74*J74)-(10-SUMPRODUCT($I$73:I73,$J$73:J73)))*IF('LAMPIRAN I DONE'!$F$21="Tenaga Pengajar",0.25,IF(OR('LAMPIRAN I DONE'!$F$21="Asisten Ahli",'LAMPIRAN I DONE'!$F$21="Lektor",'LAMPIRAN I DONE'!$F$21="Lektor Kepala",'LAMPIRAN I DONE'!$F$21="Guru Besar"),0.5,""))))),(I74&" x "&J74&" x "&(IF(OR(AND(L74="sks>10",L73="sks>10"),AND(L74="sks>10",L73="sks<=10")),IF('LAMPIRAN I DONE'!$F$21="Tenaga Pengajar",0.25,IF(OR('LAMPIRAN I DONE'!$F$21="Asisten Ahli",'LAMPIRAN I DONE'!$F$21="Lektor",'LAMPIRAN I DONE'!$F$21="Lektor Kepala",'LAMPIRAN I DONE'!$F$21="Guru Besar"),0.5,"")),IF('LAMPIRAN I DONE'!$F$21="Tenaga Pengajar",0.5,IF(OR('LAMPIRAN I DONE'!$F$21="Asisten Ahli",'LAMPIRAN I DONE'!$F$21="Lektor",'LAMPIRAN I DONE'!$F$21="Lektor Kepala",'LAMPIRAN I DONE'!$F$21="Guru Besar"),1,""))))&" = "&K74))),"rumus") -> 4 x 1 x 1 = 4 | H74: NOMOR : 073/AKD6/IT-DEK/2017 | I74: 4 | J74: 1 | K74: =IF(AND(I74<>"",J74<>""),(IF(OR(AND(L74="sks>10",L73="sks<=10",IFERROR(SUMPRODUCT($I$73:I73,$J$73:J73)<10,FALSE)),AND(L74="sks>10",L73="")),(((10-SUMPRODUCT($I$73:I73,$J$73:J73))*IF('LAMPIRAN I DONE'!$F$21="Tenaga Pengajar",0.5,IF(OR('LAMPIRAN I DONE'!$F$21="Asisten Ahli",'LAMPIRAN I DONE'!$F$21="Lektor",'LAMPIRAN I DONE'!$F$21="Lektor Kepala",'LAMPIRAN I DONE'!$F$21="Guru Besar"),1,"")))+(((I74*J74)-(10-SUMPRODUCT($I$73:I73,$J$73:J73)))*IF('LAMPIRAN I DONE'!$F$21="Tenaga Pengajar",0.25,IF(OR('LAMPIRAN I DONE'!$F$21="Asisten Ahli",'LAMPIRAN I DONE'!$F$21="Lektor",'LAMPIRAN I DONE'!$F$21="Lektor Kepala",'LAMPIRAN I DONE'!$F$21="Guru Besar"),0.5,"")))),IF(OR(AND(L74="sks>10",L73="sks>10"),AND(L74="sks>10",L73="sks<=10")),I74*J74*IF('LAMPIRAN I DONE'!$F$21="Tenaga Pengajar",0.25,IF(OR('LAMPIRAN I DONE'!$F$21="Asisten Ahli",'LAMPIRAN I DONE'!$F$21="Lektor",'LAMPIRAN I DONE'!$F$21="Lektor Kepala",'LAMPIRAN I DONE'!$F$21="Guru Besar"),0.5,"")),I74*J74*IF('LAMPIRAN I DONE'!$F$21="Tenaga Pengajar",0.5,IF(OR('LAMPIRAN I DONE'!$F$21="Asisten Ahli",'LAMPIRAN I DONE'!$F$21="Lektor",'LAMPIRAN I DONE'!$F$21="Lektor Kepala",'LAMPIRAN I DONE'!$F$21="Guru Besar"),1,""))))),"rumus") -> 4 | L74: =IF(AND(I74<>"",J74<>""),(IF(SUMPRODUCT($I$74:I74,$J$74:J74)<=10,"SKS<=10",IF(SUMPRODUCT($I$74:I74,$J$74:J74)>10,"SKS>10",""))),"rumus") -> SKS<=10
A75: 2 | B75: DCH2A3 Jaringan Komputer, 3sks, 2kls | C75: 2017/2018 | D75: =IF(G75<>"rumus","SKS","") -> SKS | E75: =IF(K75<>"rumus",(IF(OR(AND(L75="sks>10",L74="sks<=10",IFERROR(SUMPRODUCT($I$73:I74,$J$73:J74)<10,FALSE)),AND(L75="sks>10",L74="")),(((10-SUMPRODUCT($I$73:I74,$J$73:J74))&" x "&1)&" "&(((I75*J75)-(10-SUMPRODUCT($I$73:I74,$J$73:J74)))&" x "&1)),(I75&" x "&J75))),"") -> 3 x 2 | F75: =IF(K75<>"rumus",(IF(OR(AND(L75="sks>10",L74="sks<=10",IFERROR(SUMPRODUCT($I$73:I74,$J$73:J74)<10,FALSE)),AND(L75="sks>10",L74="")),((IF('LAMPIRAN I DONE'!$F$21="Tenaga Pengajar",0.5,IF(OR('LAMPIRAN I DONE'!$F$21="Asisten Ahli",'LAMPIRAN I DONE'!$F$21="Lektor",'LAMPIRAN I DONE'!$F$21="Lektor Kepala",'LAMPIRAN I DONE'!$F$21="Guru Besar"),1,"")))&" "&(IF('LAMPIRAN I DONE'!$F$21="Tenaga Pengajar",0.25,IF(OR('LAMPIRAN I DONE'!$F$21="Asisten Ahli",'LAMPIRAN I DONE'!$F$21="Lektor",'LAMPIRAN I DONE'!$F$21="Lektor Kepala",'LAMPIRAN I DONE'!$F$21="Guru Besar"),0.5,"")))),((IF(OR(AND(L75="sks>10",L74="sks>10"),AND(L75="sks>10",L74="sks<=10")),IF('LAMPIRAN I DONE'!$F$21="Tenaga Pengajar",0.25,IF(OR('LAMPIRAN I DONE'!$F$21="Asisten Ahli",'LAMPIRAN I DONE'!$F$21="Lektor",'LAMPIRAN I DONE'!$F$21="Lektor Kepala",'LAMPIRAN I DONE'!$F$21="Guru Besar"),0.5,"")),IF('LAMPIRAN I DONE'!$F$21="Tenaga Pengajar",0.5,IF(OR('LAMPIRAN I DONE'!$F$21="Asisten Ahli",'LAMPIRAN I DONE'!$F$21="Lektor",'LAMPIRAN I DONE'!$F$21="Lektor Kepala",'LAMPIRAN I DONE'!$F$21="Guru Besar"),1,""))))))),"") -> 1 | G75: =IF(K75<>"rumus",(IF(OR(AND(L75="sks>10",L74="sks<=10",IFERROR(SUMPRODUCT($I$73:I74,$J$73:J74)<10,FALSE)),AND(L75="sks>10",L74="")),(((10-SUMPRODUCT($I$73:I74,$J$73:J74))&" x "&1&" x "&IF('LAMPIRAN I DONE'!$F$21="Tenaga Pengajar",0.5,IF(OR('LAMPIRAN I DONE'!$F$21="Asisten Ahli",'LAMPIRAN I DONE'!$F$21="Lektor",'LAMPIRAN I DONE'!$F$21="Lektor Kepala",'LAMPIRAN I DONE'!$F$21="Guru Besar"),1,""))&" = "&((10-SUMPRODUCT($I$73:I74,$J$73:J74))*IF('LAMPIRAN I DONE'!$F$21="Tenaga Pengajar",0.5,IF(OR('LAMPIRAN I DONE'!$F$21="Asisten Ahli",'LAMPIRAN I DONE'!$F$21="Lektor",'LAMPIRAN I DONE'!$F$21="Lektor Kepala",'LAMPIRAN I DONE'!$F$21="Guru Besar"),1,""))))&" "&(((I75*J75)-(10-SUMPRODUCT($I$73:I74,$J$73:J74)))&" x "&1&" x "&IF('LAMPIRAN I DONE'!$F$21="Tenaga Pengajar",0.25,IF(OR('LAMPIRAN I DONE'!$F$21="Asisten Ahli",'LAMPIRAN I DONE'!$F$21="Lektor",'LAMPIRAN I DONE'!$F$21="Lektor Kepala",'LAMPIRAN I DONE'!$F$21="Guru Besar"),0.5,""))&" = "&(((I75*J75)-(10-SUMPRODUCT($I$73:I74,$J$73:J74)))*IF('LAMPIRAN I DONE'!$F$21="Tenaga Pengajar",0.25,IF(OR('LAMPIRAN I DONE'!$F$21="Asisten Ahli",'LAMPIRAN I DONE'!$F$21="Lektor",'LAMPIRAN I DONE'!$F$21="Lektor Kepala",'LAMPIRAN I DONE'!$F$21="Guru Besar"),0.5,""))))),(I75&" x "&J75&" x "&(IF(OR(AND(L75="sks>10",L74="sks>10"),AND(L75="sks>10",L74="sks<=10")),IF('LAMPIRAN I DONE'!$F$21="Tenaga Pengajar",0.25,IF(OR('LAMPIRAN I DONE'!$F$21="Asisten Ahli",'LAMPIRAN I DONE'!$F$21="Lektor",'LAMPIRAN I DONE'!$F$21="Lektor Kepala",'LAMPIRAN I DONE'!$F$21="Guru Besar"),0.5,"")),IF('LAMPIRAN I DONE'!$F$21="Tenaga Pengajar",0.5,IF(OR('LAMPIRAN I DONE'!$F$21="Asisten Ahli",'LAMPIRAN I DONE'!$F$21="Lektor",'LAMPIRAN I DONE'!$F$21="Lektor Kepala",'LAMPIRAN I DONE'!$F$21="Guru Besar"),1,""))))&" = "&K75))),"rumus") -> 3 x 2 x 1 = 6 | H75: NOMOR : 073/AKD6/IT-DEK/2017 | I75: 3 | J75: 2 | K75: =IF(AND(I75<>"",J75<>""),(IF(OR(AND(L75="sks>10",L74="sks<=10",IFERROR(SUMPRODUCT($I$73:I74,$J$73:J74)<10,FALSE)),AND(L75="sks>10",L74="")),(((10-SUMPRODUCT($I$73:I74,$J$73:J74))*IF('LAMPIRAN I DONE'!$F$21="Tenaga Pengajar",0.5,IF(OR('LAMPIRAN I DONE'!$F$21="Asisten Ahli",'LAMPIRAN I DONE'!$F$21="Lektor",'LAMPIRAN I DONE'!$F$21="Lektor Kepala",'LAMPIRAN I DONE'!$F$21="Guru Besar"),1,"")))+(((I75*J75)-(10-SUMPRODUCT($I$73:I74,$J$73:J74)))*IF('LAMPIRAN I DONE'!$F$21="Tenaga Pengajar",0.25,IF(OR('LAMPIRAN I DONE'!$F$21="Asisten Ahli",'LAMPIRAN I DONE'!$F$21="Lektor",'LAMPIRAN I DONE'!$F$21="Lektor Kepala",'LAMPIRAN I DONE'!$F$21="Guru Besar"),0.5,"")))),IF(OR(AND(L75="sks>10",L74="sks>10"),AND(L75="sks>10",L74="sks<=10")),I75*J75*IF('LAMPIRAN I DONE'!$F$21="Tenaga Pengajar",0.25,IF(OR('LAMPIRAN I DONE'!$F$21="Asisten Ahli",'LAMPIRAN I DONE'!$F$21="Lektor",'LAMPIRAN I DONE'!$F$21="Lektor Kepala",'LAMPIRAN I DONE'!$F$21="Guru Besar"),0.5,"")),I75*J75*IF('LAMPIRAN I DONE'!$F$21="Tenaga Pengajar",0.5,IF(OR('LAMPIRAN I DONE'!$F$21="Asisten Ahli",'LAMPIRAN I DONE'!$F$21="Lektor",'LAMPIRAN I DONE'!$F$21="Lektor Kepala",'LAMPIRAN I DONE'!$F$21="Guru Besar"),1,""))))),"rumus") -> 6 | L75: =IF(AND(I75<>"",J75<>""),(IF(SUMPRODUCT($I$74:I75,$J$74:J75)<=10,"SKS<=10",IF(SUMPRODUCT($I$74:I75,$J$74:J75)>10,"SKS>10",""))),"rumus") -> SKS<=10
A76: 3 | B76: nama mk, sks, kls | C76: 2017/2018 | D76: =IF(G76<>"rumus","SKS","") | E76: =IF(K76<>"rumus",(IF(OR(AND(L76="sks>10",L75="sks<=10",IFERROR(SUMPRODUCT($I$73:I75,$J$73:J75)<10,FALSE)),AND(L76="sks>10",L75="")),(((10-SUMPRODUCT($I$73:I75,$J$73:J75))&" x "&1)&" "&(((I76*J76)-(10-SUMPRODUCT($I$73:I75,$J$73:J75)))&" x "&1)),(I76&" x "&J76))),"") | F76: =IF(K76<>"rumus",(IF(OR(AND(L76="sks>10",L75="sks<=10",IFERROR(SUMPRODUCT($I$73:I75,$J$73:J75)<10,FALSE)),AND(L76="sks>10",L75="")),((IF('LAMPIRAN I DONE'!$F$21="Tenaga Pengajar",0.5,IF(OR('LAMPIRAN I DONE'!$F$21="Asisten Ahli",'LAMPIRAN I DONE'!$F$21="Lektor",'LAMPIRAN I DONE'!$F$21="Lektor Kepala",'LAMPIRAN I DONE'!$F$21="Guru Besar"),1,"")))&" "&(IF('LAMPIRAN I DONE'!$F$21="Tenaga Pengajar",0.25,IF(OR('LAMPIRAN I DONE'!$F$21="Asisten Ahli",'LAMPIRAN I DONE'!$F$21="Lektor",'LAMPIRAN I DONE'!$F$21="Lektor Kepala",'LAMPIRAN I DONE'!$F$21="Guru Besar"),0.5,"")))),((IF(OR(AND(L76="sks>10",L75="sks>10"),AND(L76="sks>10",L75="sks<=10")),IF('LAMPIRAN I DONE'!$F$21="Tenaga Pengajar",0.25,IF(OR('LAMPIRAN I DONE'!$F$21="Asisten Ahli",'LAMPIRAN I DONE'!$F$21="Lektor",'LAMPIRAN I DONE'!$F$21="Lektor Kepala",'LAMPIRAN I DONE'!$F$21="Guru Besar"),0.5,"")),IF('LAMPIRAN I DONE'!$F$21="Tenaga Pengajar",0.5,IF(OR('LAMPIRAN I DONE'!$F$21="Asisten Ahli",'LAMPIRAN I DONE'!$F$21="Lektor",'LAMPIRAN I DONE'!$F$21="Lektor Kepala",'LAMPIRAN I DONE'!$F$21="Guru Besar"),1,""))))))),"") | G76: =IF(K76<>"rumus",(IF(OR(AND(L76="sks>10",L75="sks<=10",IFERROR(SUMPRODUCT($I$73:I75,$J$73:J75)<10,FALSE)),AND(L76="sks>10",L75="")),(((10-SUMPRODUCT($I$73:I75,$J$73:J75))&" x "&1&" x "&IF('LAMPIRAN I DONE'!$F$21="Tenaga Pengajar",0.5,IF(OR('LAMPIRAN I DONE'!$F$21="Asisten Ahli",'LAMPIRAN I DONE'!$F$21="Lektor",'LAMPIRAN I DONE'!$F$21="Lektor Kepala",'LAMPIRAN I DONE'!$F$21="Guru Besar"),1,""))&" = "&((10-SUMPRODUCT($I$73:I75,$J$73:J75))*IF('LAMPIRAN I DONE'!$F$21="Tenaga Pengajar",0.5,IF(OR('LAMPIRAN I DONE'!$F$21="Asisten Ahli",'LAMPIRAN I DONE'!$F$21="Lektor",'LAMPIRAN I DONE'!$F$21="Lektor Kepala",'LAMPIRAN I DONE'!$F$21="Guru Besar"),1,""))))&" "&(((I76*J76)-(10-SUMPRODUCT($I$73:I75,$J$73:J75)))&" x "&1&" x "&IF('LAMPIRAN I DONE'!$F$21="Tenaga Pengajar",0.25,IF(OR('LAMPIRAN I DONE'!$F$21="Asisten Ahli",'LAMPIRAN I DONE'!$F$21="Lektor",'LAMPIRAN I DONE'!$F$21="Lektor Kepala",'LAMPIRAN I DONE'!$F$21="Guru Besar"),0.5,""))&" = "&(((I76*J76)-(10-SUMPRODUCT($I$73:I75,$J$73:J75)))*IF('LAMPIRAN I DONE'!$F$21="Tenaga Pengajar",0.25,IF(OR('LAMPIRAN I DONE'!$F$21="Asisten Ahli",'LAMPIRAN I DONE'!$F$21="Lektor",'LAMPIRAN I DONE'!$F$21="Lektor Kepala",'LAMPIRAN I DONE'!$F$21="Guru Besar"),0.5,""))))),(I76&" x "&J76&" x "&(IF(OR(AND(L76="sks>10",L75="sks>10"),AND(L76="sks>10",L75="sks<=10")),IF('LAMPIRAN I DONE'!$F$21="Tenaga Pengajar",0.25,IF(OR('LAMPIRAN I DONE'!$F$21="Asisten Ahli",'LAMPIRAN I DONE'!$F$21="Lektor",'LAMPIRAN I DONE'!$F$21="Lektor Kepala",'LAMPIRAN I DONE'!$F$21="Guru Besar"),0.5,"")),IF('LAMPIRAN I DONE'!$F$21="Tenaga Pengajar",0.5,IF(OR('LAMPIRAN I DONE'!$F$21="Asisten Ahli",'LAMPIRAN I DONE'!$F$21="Lektor",'LAMPIRAN I DONE'!$F$21="Lektor Kepala",'LAMPIRAN I DONE'!$F$21="Guru Besar"),1,""))))&" = "&K76))),"rumus") -> rumus | H76: ( Isikan Nomor SK dengan lengkap) | K76: =IF(AND(I76<>"",J76<>""),(IF(OR(AND(L76="sks>10",L75="sks<=10",IFERROR(SUMPRODUCT($I$73:I75,$J$73:J75)<10,FALSE)),AND(L76="sks>10",L75="")),(((10-SUMPRODUCT($I$73:I75,$J$73:J75))*IF('LAMPIRAN I DONE'!$F$21="Tenaga Pengajar",0.5,IF(OR('LAMPIRAN I DONE'!$F$21="Asisten Ahli",'LAMPIRAN I DONE'!$F$21="Lektor",'LAMPIRAN I DONE'!$F$21="Lektor Kepala",'LAMPIRAN I DONE'!$F$21="Guru Besar"),1,"")))+(((I76*J76)-(10-SUMPRODUCT($I$73:I75,$J$73:J75)))*IF('LAMPIRAN I DONE'!$F$21="Tenaga Pengajar",0.25,IF(OR('LAMPIRAN I DONE'!$F$21="Asisten Ahli",'LAMPIRAN I DONE'!$F$21="Lektor",'LAMPIRAN I DONE'!$F$21="Lektor Kepala",'LAMPIRAN I DONE'!$F$21="Guru Besar"),0.5,"")))),IF(OR(AND(L76="sks>10",L75="sks>10"),AND(L76="sks>10",L75="sks<=10")),I76*J76*IF('LAMPIRAN I DONE'!$F$21="Tenaga Pengajar",0.25,IF(OR('LAMPIRAN I DONE'!$F$21="Asisten Ahli",'LAMPIRAN I DONE'!$F$21="Lektor",'LAMPIRAN I DONE'!$F$21="Lektor Kepala",'LAMPIRAN I DONE'!$F$21="Guru Besar"),0.5,"")),I76*J76*IF('LAMPIRAN I DONE'!$F$21="Tenaga Pengajar",0.5,IF(OR('LAMPIRAN I DONE'!$F$21="Asisten Ahli",'LAMPIRAN I DONE'!$F$21="Lektor",'LAMPIRAN I DONE'!$F$21="Lektor Kepala",'LAMPIRAN I DONE'!$F$21="Guru Besar"),1,""))))),"rumus") -> rumus | L76: =IF(AND(I76<>"",J76<>""),(IF(SUMPRODUCT($I$74:I76,$J$74:J76)<=10,"SKS<=10",IF(SUMPRODUCT($I$74:I76,$J$74:J76)>10,"SKS>10",""))),"rumus") -> rumus
A77: 4 | B77: nama mk, sks, kls | C77: 2017/2018 | D77: =IF(G77<>"rumus","SKS","") | E77: =IF(K77<>"rumus",(IF(OR(AND(L77="sks>10",L76="sks<=10",IFERROR(SUMPRODUCT($I$73:I76,$J$73:J76)<10,FALSE)),AND(L77="sks>10",L76="")),(((10-SUMPRODUCT($I$73:I76,$J$73:J76))&" x "&1)&" "&(((I77*J77)-(10-SUMPRODUCT($I$73:I76,$J$73:J76)))&" x "&1)),(I77&" x "&J77))),"") | F77: =IF(K77<>"rumus",(IF(OR(AND(L77="sks>10",L76="sks<=10",IFERROR(SUMPRODUCT($I$73:I76,$J$73:J76)<10,FALSE)),AND(L77="sks>10",L76="")),((IF('LAMPIRAN I DONE'!$F$21="Tenaga Pengajar",0.5,IF(OR('LAMPIRAN I DONE'!$F$21="Asisten Ahli",'LAMPIRAN I DONE'!$F$21="Lektor",'LAMPIRAN I DONE'!$F$21="Lektor Kepala",'LAMPIRAN I DONE'!$F$21="Guru Besar"),1,"")))&" "&(IF('LAMPIRAN I DONE'!$F$21="Tenaga Pengajar",0.25,IF(OR('LAMPIRAN I DONE'!$F$21="Asisten Ahli",'LAMPIRAN I DONE'!$F$21="Lektor",'LAMPIRAN I DONE'!$F$21="Lektor Kepala",'LAMPIRAN I DONE'!$F$21="Guru Besar"),0.5,"")))),((IF(OR(AND(L77="sks>10",L76="sks>10"),AND(L77="sks>10",L76="sks<=10")),IF('LAMPIRAN I DONE'!$F$21="Tenaga Pengajar",0.25,IF(OR('LAMPIRAN I DONE'!$F$21="Asisten Ahli",'LAMPIRAN I DONE'!$F$21="Lektor",'LAMPIRAN I DONE'!$F$21="Lektor Kepala",'LAMPIRAN I DONE'!$F$21="Guru Besar"),0.5,"")),IF('LAMPIRAN I DONE'!$F$21="Tenaga Pengajar",0.5,IF(OR('LAMPIRAN I DONE'!$F$21="Asisten Ahli",'LAMPIRAN I DONE'!$F$21="Lektor",'LAMPIRAN I DONE'!$F$21="Lektor Kepala",'LAMPIRAN I DONE'!$F$21="Guru Besar"),1,""))))))),"") | G77: =IF(K77<>"rumus",(IF(OR(AND(L77="sks>10",L76="sks<=10",IFERROR(SUMPRODUCT($I$73:I76,$J$73:J76)<10,FALSE)),AND(L77="sks>10",L76="")),(((10-SUMPRODUCT($I$73:I76,$J$73:J76))&" x "&1&" x "&IF('LAMPIRAN I DONE'!$F$21="Tenaga Pengajar",0.5,IF(OR('LAMPIRAN I DONE'!$F$21="Asisten Ahli",'LAMPIRAN I DONE'!$F$21="Lektor",'LAMPIRAN I DONE'!$F$21="Lektor Kepala",'LAMPIRAN I DONE'!$F$21="Guru Besar"),1,""))&" = "&((10-SUMPRODUCT($I$73:I76,$J$73:J76))*IF('LAMPIRAN I DONE'!$F$21="Tenaga Pengajar",0.5,IF(OR('LAMPIRAN I DONE'!$F$21="Asisten Ahli",'LAMPIRAN I DONE'!$F$21="Lektor",'LAMPIRAN I DONE'!$F$21="Lektor Kepala",'LAMPIRAN I DONE'!$F$21="Guru Besar"),1,""))))&" "&(((I77*J77)-(10-SUMPRODUCT($I$73:I76,$J$73:J76)))&" x "&1&" x "&IF('LAMPIRAN I DONE'!$F$21="Tenaga Pengajar",0.25,IF(OR('LAMPIRAN I DONE'!$F$21="Asisten Ahli",'LAMPIRAN I DONE'!$F$21="Lektor",'LAMPIRAN I DONE'!$F$21="Lektor Kepala",'LAMPIRAN I DONE'!$F$21="Guru Besar"),0.5,""))&" = "&(((I77*J77)-(10-SUMPRODUCT($I$73:I76,$J$73:J76)))*IF('LAMPIRAN I DONE'!$F$21="Tenaga Pengajar",0.25,IF(OR('LAMPIRAN I DONE'!$F$21="Asisten Ahli",'LAMPIRAN I DONE'!$F$21="Lektor",'LAMPIRAN I DONE'!$F$21="Lektor Kepala",'LAMPIRAN I DONE'!$F$21="Guru Besar"),0.5,""))))),(I77&" x "&J77&" x "&(IF(OR(AND(L77="sks>10",L76="sks>10"),AND(L77="sks>10",L76="sks<=10")),IF('LAMPIRAN I DONE'!$F$21="Tenaga Pengajar",0.25,IF(OR('LAMPIRAN I DONE'!$F$21="Asisten Ahli",'LAMPIRAN I DONE'!$F$21="Lektor",'LAMPIRAN I DONE'!$F$21="Lektor Kepala",'LAMPIRAN I DONE'!$F$21="Guru Besar"),0.5,"")),IF('LAMPIRAN I DONE'!$F$21="Tenaga Pengajar",0.5,IF(OR('LAMPIRAN I DONE'!$F$21="Asisten Ahli",'LAMPIRAN I DONE'!$F$21="Lektor",'LAMPIRAN I DONE'!$F$21="Lektor Kepala",'LAMPIRAN I DONE'!$F$21="Guru Besar"),1,""))))&" = "&K77))),"rumus") -> rumus | H77: ( Isikan Nomor SK dengan lengkap) | K77: =IF(AND(I77<>"",J77<>""),(IF(OR(AND(L77="sks>10",L76="sks<=10",IFERROR(SUMPRODUCT($I$73:I76,$J$73:J76)<10,FALSE)),AND(L77="sks>10",L76="")),(((10-SUMPRODUCT($I$73:I76,$J$73:J76))*IF('LAMPIRAN I DONE'!$F$21="Tenaga Pengajar",0.5,IF(OR('LAMPIRAN I DONE'!$F$21="Asisten Ahli",'LAMPIRAN I DONE'!$F$21="Lektor",'LAMPIRAN I DONE'!$F$21="Lektor Kepala",'LAMPIRAN I DONE'!$F$21="Guru Besar"),1,"")))+(((I77*J77)-(10-SUMPRODUCT($I$73:I76,$J$73:J76)))*IF('LAMPIRAN I DONE'!$F$21="Tenaga Pengajar",0.25,IF(OR('LAMPIRAN I DONE'!$F$21="Asisten Ahli",'LAMPIRAN I DONE'!$F$21="Lektor",'LAMPIRAN I DONE'!$F$21="Lektor Kepala",'LAMPIRAN I DONE'!$F$21="Guru Besar"),0.5,"")))),IF(OR(AND(L77="sks>10",L76="sks>10"),AND(L77="sks>10",L76="sks<=10")),I77*J77*IF('LAMPIRAN I DONE'!$F$21="Tenaga Pengajar",0.25,IF(OR('LAMPIRAN I DONE'!$F$21="Asisten Ahli",'LAMPIRAN I DONE'!$F$21="Lektor",'LAMPIRAN I DONE'!$F$21="Lektor Kepala",'LAMPIRAN I DONE'!$F$21="Guru Besar"),0.5,"")),I77*J77*IF('LAMPIRAN I DONE'!$F$21="Tenaga Pengajar",0.5,IF(OR('LAMPIRAN I DONE'!$F$21="Asisten Ahli",'LAMPIRAN I DONE'!$F$21="Lektor",'LAMPIRAN I DONE'!$F$21="Lektor Kepala",'LAMPIRAN I DONE'!$F$21="Guru Besar"),1,""))))),"rumus") -> rumus | L77: =IF(AND(I77<>"",J77<>""),(IF(SUMPRODUCT($I$74:I77,$J$74:J77)<=10,"SKS<=10",IF(SUMPRODUCT($I$74:I77,$J$74:J77)>10,"SKS>10",""))),"rumus") -> rumus
A78: 5 | B78: nama mk, sks, kls | C78: 2017/2018 | D78: =IF(G78<>"rumus","SKS","") | E78: =IF(K78<>"rumus",(IF(OR(AND(L78="sks>10",L77="sks<=10",IFERROR(SUMPRODUCT($I$73:I77,$J$73:J77)<10,FALSE)),AND(L78="sks>10",L77="")),(((10-SUMPRODUCT($I$73:I77,$J$73:J77))&" x "&1)&" "&(((I78*J78)-(10-SUMPRODUCT($I$73:I77,$J$73:J77)))&" x "&1)),(I78&" x "&J78))),"") | F78: =IF(K78<>"rumus",(IF(OR(AND(L78="sks>10",L77="sks<=10",IFERROR(SUMPRODUCT($I$73:I77,$J$73:J77)<10,FALSE)),AND(L78="sks>10",L77="")),((IF('LAMPIRAN I DONE'!$F$21="Tenaga Pengajar",0.5,IF(OR('LAMPIRAN I DONE'!$F$21="Asisten Ahli",'LAMPIRAN I DONE'!$F$21="Lektor",'LAMPIRAN I DONE'!$F$21="Lektor Kepala",'LAMPIRAN I DONE'!$F$21="Guru Besar"),1,"")))&" "&(IF('LAMPIRAN I DONE'!$F$21="Tenaga Pengajar",0.25,IF(OR('LAMPIRAN I DONE'!$F$21="Asisten Ahli",'LAMPIRAN I DONE'!$F$21="Lektor",'LAMPIRAN I DONE'!$F$21="Lektor Kepala",'LAMPIRAN I DONE'!$F$21="Guru Besar"),0.5,"")))),((IF(OR(AND(L78="sks>10",L77="sks>10"),AND(L78="sks>10",L77="sks<=10")),IF('LAMPIRAN I DONE'!$F$21="Tenaga Pengajar",0.25,IF(OR('LAMPIRAN I DONE'!$F$21="Asisten Ahli",'LAMPIRAN I DONE'!$F$21="Lektor",'LAMPIRAN I DONE'!$F$21="Lektor Kepala",'LAMPIRAN I DONE'!$F$21="Guru Besar"),0.5,"")),IF('LAMPIRAN I DONE'!$F$21="Tenaga Pengajar",0.5,IF(OR('LAMPIRAN I DONE'!$F$21="Asisten Ahli",'LAMPIRAN I DONE'!$F$21="Lektor",'LAMPIRAN I DONE'!$F$21="Lektor Kepala",'LAMPIRAN I DONE'!$F$21="Guru Besar"),1,""))))))),"") | G78: =IF(K78<>"rumus",(IF(OR(AND(L78="sks>10",L77="sks<=10",IFERROR(SUMPRODUCT($I$73:I77,$J$73:J77)<10,FALSE)),AND(L78="sks>10",L77="")),(((10-SUMPRODUCT($I$73:I77,$J$73:J77))&" x "&1&" x "&IF('LAMPIRAN I DONE'!$F$21="Tenaga Pengajar",0.5,IF(OR('LAMPIRAN I DONE'!$F$21="Asisten Ahli",'LAMPIRAN I DONE'!$F$21="Lektor",'LAMPIRAN I DONE'!$F$21="Lektor Kepala",'LAMPIRAN I DONE'!$F$21="Guru Besar"),1,""))&" = "&((10-SUMPRODUCT($I$73:I77,$J$73:J77))*IF('LAMPIRAN I DONE'!$F$21="Tenaga Pengajar",0.5,IF(OR('LAMPIRAN I DONE'!$F$21="Asisten Ahli",'LAMPIRAN I DONE'!$F$21="Lektor",'LAMPIRAN I DONE'!$F$21="Lektor Kepala",'LAMPIRAN I DONE'!$F$21="Guru Besar"),1,""))))&" "&(((I78*J78)-(10-SUMPRODUCT($I$73:I77,$J$73:J77)))&" x "&1&" x "&IF('LAMPIRAN I DONE'!$F$21="Tenaga Pengajar",0.25,IF(OR('LAMPIRAN I DONE'!$F$21="Asisten Ahli",'LAMPIRAN I DONE'!$F$21="Lektor",'LAMPIRAN I DONE'!$F$21="Lektor Kepala",'LAMPIRAN I DONE'!$F$21="Guru Besar"),0.5,""))&" = "&(((I78*J78)-(10-SUMPRODUCT($I$73:I77,$J$73:J77)))*IF('LAMPIRAN I DONE'!$F$21="Tenaga Pengajar",0.25,IF(OR('LAMPIRAN I DONE'!$F$21="Asisten Ahli",'LAMPIRAN I DONE'!$F$21="Lektor",'LAMPIRAN I DONE'!$F$21="Lektor Kepala",'LAMPIRAN I DONE'!$F$21="Guru Besar"),0.5,""))))),(I78&" x "&J78&" x "&(IF(OR(AND(L78="sks>10",L77="sks>10"),AND(L78="sks>10",L77="sks<=10")),IF('LAMPIRAN I DONE'!$F$21="Tenaga Pengajar",0.25,IF(OR('LAMPIRAN I DONE'!$F$21="Asisten Ahli",'LAMPIRAN I DONE'!$F$21="Lektor",'LAMPIRAN I DONE'!$F$21="Lektor Kepala",'LAMPIRAN I DONE'!$F$21="Guru Besar"),0.5,"")),IF('LAMPIRAN I DONE'!$F$21="Tenaga Pengajar",0.5,IF(OR('LAMPIRAN I DONE'!$F$21="Asisten Ahli",'LAMPIRAN I DONE'!$F$21="Lektor",'LAMPIRAN I DONE'!$F$21="Lektor Kepala",'LAMPIRAN I DONE'!$F$21="Guru Besar"),1,""))))&" = "&K78))),"rumus") -> rumus | H78: ( Isikan Nomor SK dengan lengkap) | K78: =IF(AND(I78<>"",J78<>""),(IF(OR(AND(L78="sks>10",L77="sks<=10",IFERROR(SUMPRODUCT($I$73:I77,$J$73:J77)<10,FALSE)),AND(L78="sks>10",L77="")),(((10-SUMPRODUCT($I$73:I77,$J$73:J77))*IF('LAMPIRAN I DONE'!$F$21="Tenaga Pengajar",0.5,IF(OR('LAMPIRAN I DONE'!$F$21="Asisten Ahli",'LAMPIRAN I DONE'!$F$21="Lektor",'LAMPIRAN I DONE'!$F$21="Lektor Kepala",'LAMPIRAN I DONE'!$F$21="Guru Besar"),1,"")))+(((I78*J78)-(10-SUMPRODUCT($I$73:I77,$J$73:J77)))*IF('LAMPIRAN I DONE'!$F$21="Tenaga Pengajar",0.25,IF(OR('LAMPIRAN I DONE'!$F$21="Asisten Ahli",'LAMPIRAN I DONE'!$F$21="Lektor",'LAMPIRAN I DONE'!$F$21="Lektor Kepala",'LAMPIRAN I DONE'!$F$21="Guru Besar"),0.5,"")))),IF(OR(AND(L78="sks>10",L77="sks>10"),AND(L78="sks>10",L77="sks<=10")),I78*J78*IF('LAMPIRAN I DONE'!$F$21="Tenaga Pengajar",0.25,IF(OR('LAMPIRAN I DONE'!$F$21="Asisten Ahli",'LAMPIRAN I DONE'!$F$21="Lektor",'LAMPIRAN I DONE'!$F$21="Lektor Kepala",'LAMPIRAN I DONE'!$F$21="Guru Besar"),0.5,"")),I78*J78*IF('LAMPIRAN I DONE'!$F$21="Tenaga Pengajar",0.5,IF(OR('LAMPIRAN I DONE'!$F$21="Asisten Ahli",'LAMPIRAN I DONE'!$F$21="Lektor",'LAMPIRAN I DONE'!$F$21="Lektor Kepala",'LAMPIRAN I DONE'!$F$21="Guru Besar"),1,""))))),"rumus") -> rumus | L78: =IF(AND(I78<>"",J78<>""),(IF(SUMPRODUCT($I$74:I78,$J$74:J78)<=10,"SKS<=10",IF(SUMPRODUCT($I$74:I78,$J$74:J78)>10,"SKS>10",""))),"rumus") -> rumus
A79: 6 | B79: nama mk, sks, kls | C79: 2017/2018 | D79: =IF(G79<>"rumus","SKS","") | E79: =IF(K79<>"rumus",(IF(OR(AND(L79="sks>10",L78="sks<=10",IFERROR(SUMPRODUCT($I$73:I78,$J$73:J78)<10,FALSE)),AND(L79="sks>10",L78="")),(((10-SUMPRODUCT($I$73:I78,$J$73:J78))&" x "&1)&" "&(((I79*J79)-(10-SUMPRODUCT($I$73:I78,$J$73:J78)))&" x "&1)),(I79&" x "&J79))),"") | F79: =IF(K79<>"rumus",(IF(OR(AND(L79="sks>10",L78="sks<=10",IFERROR(SUMPRODUCT($I$73:I78,$J$73:J78)<10,FALSE)),AND(L79="sks>10",L78="")),((IF('LAMPIRAN I DONE'!$F$21="Tenaga Pengajar",0.5,IF(OR('LAMPIRAN I DONE'!$F$21="Asisten Ahli",'LAMPIRAN I DONE'!$F$21="Lektor",'LAMPIRAN I DONE'!$F$21="Lektor Kepala",'LAMPIRAN I DONE'!$F$21="Guru Besar"),1,"")))&" "&(IF('LAMPIRAN I DONE'!$F$21="Tenaga Pengajar",0.25,IF(OR('LAMPIRAN I DONE'!$F$21="Asisten Ahli",'LAMPIRAN I DONE'!$F$21="Lektor",'LAMPIRAN I DONE'!$F$21="Lektor Kepala",'LAMPIRAN I DONE'!$F$21="Guru Besar"),0.5,"")))),((IF(OR(AND(L79="sks>10",L78="sks>10"),AND(L79="sks>10",L78="sks<=10")),IF('LAMPIRAN I DONE'!$F$21="Tenaga Pengajar",0.25,IF(OR('LAMPIRAN I DONE'!$F$21="Asisten Ahli",'LAMPIRAN I DONE'!$F$21="Lektor",'LAMPIRAN I DONE'!$F$21="Lektor Kepala",'LAMPIRAN I DONE'!$F$21="Guru Besar"),0.5,"")),IF('LAMPIRAN I DONE'!$F$21="Tenaga Pengajar",0.5,IF(OR('LAMPIRAN I DONE'!$F$21="Asisten Ahli",'LAMPIRAN I DONE'!$F$21="Lektor",'LAMPIRAN I DONE'!$F$21="Lektor Kepala",'LAMPIRAN I DONE'!$F$21="Guru Besar"),1,""))))))),"") | G79: =IF(K79<>"rumus",(IF(OR(AND(L79="sks>10",L78="sks<=10",IFERROR(SUMPRODUCT($I$73:I78,$J$73:J78)<10,FALSE)),AND(L79="sks>10",L78="")),(((10-SUMPRODUCT($I$73:I78,$J$73:J78))&" x "&1&" x "&IF('LAMPIRAN I DONE'!$F$21="Tenaga Pengajar",0.5,IF(OR('LAMPIRAN I DONE'!$F$21="Asisten Ahli",'LAMPIRAN I DONE'!$F$21="Lektor",'LAMPIRAN I DONE'!$F$21="Lektor Kepala",'LAMPIRAN I DONE'!$F$21="Guru Besar"),1,""))&" = "&((10-SUMPRODUCT($I$73:I78,$J$73:J78))*IF('LAMPIRAN I DONE'!$F$21="Tenaga Pengajar",0.5,IF(OR('LAMPIRAN I DONE'!$F$21="Asisten Ahli",'LAMPIRAN I DONE'!$F$21="Lektor",'LAMPIRAN I DONE'!$F$21="Lektor Kepala",'LAMPIRAN I DONE'!$F$21="Guru Besar"),1,""))))&" "&(((I79*J79)-(10-SUMPRODUCT($I$73:I78,$J$73:J78)))&" x "&1&" x "&IF('LAMPIRAN I DONE'!$F$21="Tenaga Pengajar",0.25,IF(OR('LAMPIRAN I DONE'!$F$21="Asisten Ahli",'LAMPIRAN I DONE'!$F$21="Lektor",'LAMPIRAN I DONE'!$F$21="Lektor Kepala",'LAMPIRAN I DONE'!$F$21="Guru Besar"),0.5,""))&" = "&(((I79*J79)-(10-SUMPRODUCT($I$73:I78,$J$73:J78)))*IF('LAMPIRAN I DONE'!$F$21="Tenaga Pengajar",0.25,IF(OR('LAMPIRAN I DONE'!$F$21="Asisten Ahli",'LAMPIRAN I DONE'!$F$21="Lektor",'LAMPIRAN I DONE'!$F$21="Lektor Kepala",'LAMPIRAN I DONE'!$F$21="Guru Besar"),0.5,""))))),(I79&" x "&J79&" x "&(IF(OR(AND(L79="sks>10",L78="sks>10"),AND(L79="sks>10",L78="sks<=10")),IF('LAMPIRAN I DONE'!$F$21="Tenaga Pengajar",0.25,IF(OR('LAMPIRAN I DONE'!$F$21="Asisten Ahli",'LAMPIRAN I DONE'!$F$21="Lektor",'LAMPIRAN I DONE'!$F$21="Lektor Kepala",'LAMPIRAN I DONE'!$F$21="Guru Besar"),0.5,"")),IF('LAMPIRAN I DONE'!$F$21="Tenaga Pengajar",0.5,IF(OR('LAMPIRAN I DONE'!$F$21="Asisten Ahli",'LAMPIRAN I DONE'!$F$21="Lektor",'LAMPIRAN I DONE'!$F$21="Lektor Kepala",'LAMPIRAN I DONE'!$F$21="Guru Besar"),1,""))))&" = "&K79))),"rumus") -> rumus | H79: ( Isikan Nomor SK dengan lengkap) | K79: =IF(AND(I79<>"",J79<>""),(IF(OR(AND(L79="sks>10",L78="sks<=10",IFERROR(SUMPRODUCT($I$73:I78,$J$73:J78)<10,FALSE)),AND(L79="sks>10",L78="")),(((10-SUMPRODUCT($I$73:I78,$J$73:J78))*IF('LAMPIRAN I DONE'!$F$21="Tenaga Pengajar",0.5,IF(OR('LAMPIRAN I DONE'!$F$21="Asisten Ahli",'LAMPIRAN I DONE'!$F$21="Lektor",'LAMPIRAN I DONE'!$F$21="Lektor Kepala",'LAMPIRAN I DONE'!$F$21="Guru Besar"),1,"")))+(((I79*J79)-(10-SUMPRODUCT($I$73:I78,$J$73:J78)))*IF('LAMPIRAN I DONE'!$F$21="Tenaga Pengajar",0.25,IF(OR('LAMPIRAN I DONE'!$F$21="Asisten Ahli",'LAMPIRAN I DONE'!$F$21="Lektor",'LAMPIRAN I DONE'!$F$21="Lektor Kepala",'LAMPIRAN I DONE'!$F$21="Guru Besar"),0.5,"")))),IF(OR(AND(L79="sks>10",L78="sks>10"),AND(L79="sks>10",L78="sks<=10")),I79*J79*IF('LAMPIRAN I DONE'!$F$21="Tenaga Pengajar",0.25,IF(OR('LAMPIRAN I DONE'!$F$21="Asisten Ahli",'LAMPIRAN I DONE'!$F$21="Lektor",'LAMPIRAN I DONE'!$F$21="Lektor Kepala",'LAMPIRAN I DONE'!$F$21="Guru Besar"),0.5,"")),I79*J79*IF('LAMPIRAN I DONE'!$F$21="Tenaga Pengajar",0.5,IF(OR('LAMPIRAN I DONE'!$F$21="Asisten Ahli",'LAMPIRAN I DONE'!$F$21="Lektor",'LAMPIRAN I DONE'!$F$21="Lektor Kepala",'LAMPIRAN I DONE'!$F$21="Guru Besar"),1,""))))),"rumus") -> rumus | L79: =IF(AND(I79<>"",J79<>""),(IF(SUMPRODUCT($I$74:I79,$J$74:J79)<=10,"SKS<=10",IF(SUMPRODUCT($I$74:I79,$J$74:J79)>10,"SKS>10",""))),"rumus") -> rumus
B80: ="a. Semester Gasal "&IF(C81<>"",C81,"")&" :" -> a. Semester Gasal 2018/2019 : | M80: =IF((AND(N80="Max 5,5",SUM(K74:K79)<=5.5)),SUM(K74:K79),IF((AND(N80="Max 5,5",SUM(K74:K79)>5.5)),5.5,IF((AND(N80="Max 11",SUM(K74:K79)<=11)),SUM(K74:K79),IF((AND(N80="Max 11",SUM(K74:K79)>11)),11,"")))) -> 10 | N80: =IF('LAMPIRAN I DONE'!$F$21="Tenaga Pengajar","Max 5,5",IF(OR('LAMPIRAN I DONE'!$F$21="Asisten Ahli",'LAMPIRAN I DONE'!$F$21="Lektor",'LAMPIRAN I DONE'!$F$21="Lektor Kepala",'LAMPIRAN I DONE'!$F$21="Guru Besar"),"Max 11","")) -> Max 11
A81: 1 | B81: DMH3B2 Etika Profesi, 2sks, 2kls | C81: 2018/2019 | D81: =IF(G81<>"rumus","SKS","") -> SKS | E81: =IF(K81<>"rumus",(IF(OR(AND(L81="sks>10",L80="sks<=10",IFERROR(SUMPRODUCT($I$80:I80,$J$80:J80)<10,FALSE)),AND(L81="sks>10",L80="")),(((10-SUMPRODUCT($I$80:I80,$J$80:J80))&" x "&1)&" "&(((I81*J81)-(10-SUMPRODUCT($I$80:I80,$J$80:J80)))&" x "&1)),(I81&" x "&J81))),"") -> 2 x 2 | F81: =IF(K81<>"rumus",(IF(OR(AND(L81="sks>10",L80="sks<=10",IFERROR(SUMPRODUCT($I$80:I80,$J$80:J80)<10,FALSE)),AND(L81="sks>10",L80="")),((IF('LAMPIRAN I DONE'!$F$21="Tenaga Pengajar",0.5,IF(OR('LAMPIRAN I DONE'!$F$21="Asisten Ahli",'LAMPIRAN I DONE'!$F$21="Lektor",'LAMPIRAN I DONE'!$F$21="Lektor Kepala",'LAMPIRAN I DONE'!$F$21="Guru Besar"),1,"")))&" "&(IF('LAMPIRAN I DONE'!$F$21="Tenaga Pengajar",0.25,IF(OR('LAMPIRAN I DONE'!$F$21="Asisten Ahli",'LAMPIRAN I DONE'!$F$21="Lektor",'LAMPIRAN I DONE'!$F$21="Lektor Kepala",'LAMPIRAN I DONE'!$F$21="Guru Besar"),0.5,"")))),((IF(OR(AND(L81="sks>10",L80="sks>10"),AND(L81="sks>10",L80="sks<=10")),IF('LAMPIRAN I DONE'!$F$21="Tenaga Pengajar",0.25,IF(OR('LAMPIRAN I DONE'!$F$21="Asisten Ahli",'LAMPIRAN I DONE'!$F$21="Lektor",'LAMPIRAN I DONE'!$F$21="Lektor Kepala",'LAMPIRAN I DONE'!$F$21="Guru Besar"),0.5,"")),IF('LAMPIRAN I DONE'!$F$21="Tenaga Pengajar",0.5,IF(OR('LAMPIRAN I DONE'!$F$21="Asisten Ahli",'LAMPIRAN I DONE'!$F$21="Lektor",'LAMPIRAN I DONE'!$F$21="Lektor Kepala",'LAMPIRAN I DONE'!$F$21="Guru Besar"),1,""))))))),"") -> 1 | G81: =IF(K81<>"rumus",(IF(OR(AND(L81="sks>10",L80="sks<=10",IFERROR(SUMPRODUCT($I$80:I80,$J$80:J80)<10,FALSE)),AND(L81="sks>10",L80="")),(((10-SUMPRODUCT($I$80:I80,$J$80:J80))&" x "&1&" x "&IF('LAMPIRAN I DONE'!$F$21="Tenaga Pengajar",0.5,IF(OR('LAMPIRAN I DONE'!$F$21="Asisten Ahli",'LAMPIRAN I DONE'!$F$21="Lektor",'LAMPIRAN I DONE'!$F$21="Lektor Kepala",'LAMPIRAN I DONE'!$F$21="Guru Besar"),1,""))&" = "&((10-SUMPRODUCT($I$80:I80,$J$80:J80))*IF('LAMPIRAN I DONE'!$F$21="Tenaga Pengajar",0.5,IF(OR('LAMPIRAN I DONE'!$F$21="Asisten Ahli",'LAMPIRAN I DONE'!$F$21="Lektor",'LAMPIRAN I DONE'!$F$21="Lektor Kepala",'LAMPIRAN I DONE'!$F$21="Guru Besar"),1,""))))&" "&(((I81*J81)-(10-SUMPRODUCT($I$80:I80,$J$80:J80)))&" x "&1&" x "&IF('LAMPIRAN I DONE'!$F$21="Tenaga Pengajar",0.25,IF(OR('LAMPIRAN I DONE'!$F$21="Asisten Ahli",'LAMPIRAN I DONE'!$F$21="Lektor",'LAMPIRAN I DONE'!$F$21="Lektor Kepala",'LAMPIRAN I DONE'!$F$21="Guru Besar"),0.5,""))&" = "&(((I81*J81)-(10-SUMPRODUCT($I$80:I80,$J$80:J80)))*IF('LAMPIRAN I DONE'!$F$21="Tenaga Pengajar",0.25,IF(OR('LAMPIRAN I DONE'!$F$21="Asisten Ahli",'LAMPIRAN I DONE'!$F$21="Lektor",'LAMPIRAN I DONE'!$F$21="Lektor Kepala",'LAMPIRAN I DONE'!$F$21="Guru Besar"),0.5,""))))),(I81&" x "&J81&" x "&(IF(OR(AND(L81="sks>10",L80="sks>10"),AND(L81="sks>10",L80="sks<=10")),IF('LAMPIRAN I DONE'!$F$21="Tenaga Pengajar",0.25,IF(OR('LAMPIRAN I DONE'!$F$21="Asisten Ahli",'LAMPIRAN I DONE'!$F$21="Lektor",'LAMPIRAN I DONE'!$F$21="Lektor Kepala",'LAMPIRAN I DONE'!$F$21="Guru Besar"),0.5,"")),IF('LAMPIRAN I DONE'!$F$21="Tenaga Pengajar",0.5,IF(OR('LAMPIRAN I DONE'!$F$21="Asisten Ahli",'LAMPIRAN I DONE'!$F$21="Lektor",'LAMPIRAN I DONE'!$F$21="Lektor Kepala",'LAMPIRAN I DONE'!$F$21="Guru Besar"),1,""))))&" = "&K81))),"rumus") -> 2 x 2 x 1 = 4 | H81: NOMOR : 081/AKD6/IT-DEK/2018 | I81: 2 | J81: 2 | K81: =IF(AND(I81<>"",J81<>""),(IF(OR(AND(L81="sks>10",L80="sks<=10",IFERROR(SUMPRODUCT($I$80:I80,$J$80:J80)<10,FALSE)),AND(L81="sks>10",L80="")),(((10-SUMPRODUCT($I$80:I80,$J$80:J80))*IF('LAMPIRAN I DONE'!$F$21="Tenaga Pengajar",0.5,IF(OR('LAMPIRAN I DONE'!$F$21="Asisten Ahli",'LAMPIRAN I DONE'!$F$21="Lektor",'LAMPIRAN I DONE'!$F$21="Lektor Kepala",'LAMPIRAN I DONE'!$F$21="Guru Besar"),1,"")))+(((I81*J81)-(10-SUMPRODUCT($I$80:I80,$J$80:J80)))*IF('LAMPIRAN I DONE'!$F$21="Tenaga Pengajar",0.25,IF(OR('LAMPIRAN I DONE'!$F$21="Asisten Ahli",'LAMPIRAN I DONE'!$F$21="Lektor",'LAMPIRAN I DONE'!$F$21="Lektor Kepala",'LAMPIRAN I DONE'!$F$21="Guru Besar"),0.5,"")))),IF(OR(AND(L81="sks>10",L80="sks>10"),AND(L81="sks>10",L80="sks<=10")),I81*J81*IF('LAMPIRAN I DONE'!$F$21="Tenaga Pengajar",0.25,IF(OR('LAMPIRAN I DONE'!$F$21="Asisten Ahli",'LAMPIRAN I DONE'!$F$21="Lektor",'LAMPIRAN I DONE'!$F$21="Lektor Kepala",'LAMPIRAN I DONE'!$F$21="Guru Besar"),0.5,"")),I81*J81*IF('LAMPIRAN I DONE'!$F$21="Tenaga Pengajar",0.5,IF(OR('LAMPIRAN I DONE'!$F$21="Asisten Ahli",'LAMPIRAN I DONE'!$F$21="Lektor",'LAMPIRAN I DONE'!$F$21="Lektor Kepala",'LAMPIRAN I DONE'!$F$21="Guru Besar"),1,""))))),"rumus") -> 4 | L81: =IF(AND(I81<>"",J81<>""),(IF(SUMPRODUCT($I$81:I81,$J$81:J81)<=10,"SKS<=10",IF(SUMPRODUCT($I$81:I81,$J$81:J81)>10,"SKS>10",""))),"rumus") -> SKS<=10
A82: 2 | B82: DPH1B4 Algoritma dan Pemrograman Komputer, 4sks, 1kls | C82: 2018/2019 | D82: =IF(G82<>"rumus","SKS","") -> SKS | E82: =IF(K82<>"rumus",(IF(OR(AND(L82="sks>10",L81="sks<=10",IFERROR(SUMPRODUCT($I$80:I81,$J$80:J81)<10,FALSE)),AND(L82="sks>10",L81="")),(((10-SUMPRODUCT($I$80:I81,$J$80:J81))&" x "&1)&" "&(((I82*J82)-(10-SUMPRODUCT($I$80:I81,$J$80:J81)))&" x "&1)),(I82&" x "&J82))),"") -> 4 x 1 | F82: =IF(K82<>"rumus",(IF(OR(AND(L82="sks>10",L81="sks<=10",IFERROR(SUMPRODUCT($I$80:I81,$J$80:J81)<10,FALSE)),AND(L82="sks>10",L81="")),((IF('LAMPIRAN I DONE'!$F$21="Tenaga Pengajar",0.5,IF(OR('LAMPIRAN I DONE'!$F$21="Asisten Ahli",'LAMPIRAN I DONE'!$F$21="Lektor",'LAMPIRAN I DONE'!$F$21="Lektor Kepala",'LAMPIRAN I DONE'!$F$21="Guru Besar"),1,"")))&" "&(IF('LAMPIRAN I DONE'!$F$21="Tenaga Pengajar",0.25,IF(OR('LAMPIRAN I DONE'!$F$21="Asisten Ahli",'LAMPIRAN I DONE'!$F$21="Lektor",'LAMPIRAN I DONE'!$F$21="Lektor Kepala",'LAMPIRAN I DONE'!$F$21="Guru Besar"),0.5,"")))),((IF(OR(AND(L82="sks>10",L81="sks>10"),AND(L82="sks>10",L81="sks<=10")),IF('LAMPIRAN I DONE'!$F$21="Tenaga Pengajar",0.25,IF(OR('LAMPIRAN I DONE'!$F$21="Asisten Ahli",'LAMPIRAN I DONE'!$F$21="Lektor",'LAMPIRAN I DONE'!$F$21="Lektor Kepala",'LAMPIRAN I DONE'!$F$21="Guru Besar"),0.5,"")),IF('LAMPIRAN I DONE'!$F$21="Tenaga Pengajar",0.5,IF(OR('LAMPIRAN I DONE'!$F$21="Asisten Ahli",'LAMPIRAN I DONE'!$F$21="Lektor",'LAMPIRAN I DONE'!$F$21="Lektor Kepala",'LAMPIRAN I DONE'!$F$21="Guru Besar"),1,""))))))),"") -> 1 | G82: =IF(K82<>"rumus",(IF(OR(AND(L82="sks>10",L81="sks<=10",IFERROR(SUMPRODUCT($I$80:I81,$J$80:J81)<10,FALSE)),AND(L82="sks>10",L81="")),(((10-SUMPRODUCT($I$80:I81,$J$80:J81))&" x "&1&" x "&IF('LAMPIRAN I DONE'!$F$21="Tenaga Pengajar",0.5,IF(OR('LAMPIRAN I DONE'!$F$21="Asisten Ahli",'LAMPIRAN I DONE'!$F$21="Lektor",'LAMPIRAN I DONE'!$F$21="Lektor Kepala",'LAMPIRAN I DONE'!$F$21="Guru Besar"),1,""))&" = "&((10-SUMPRODUCT($I$80:I81,$J$80:J81))*IF('LAMPIRAN I DONE'!$F$21="Tenaga Pengajar",0.5,IF(OR('LAMPIRAN I DONE'!$F$21="Asisten Ahli",'LAMPIRAN I DONE'!$F$21="Lektor",'LAMPIRAN I DONE'!$F$21="Lektor Kepala",'LAMPIRAN I DONE'!$F$21="Guru Besar"),1,""))))&" "&(((I82*J82)-(10-SUMPRODUCT($I$80:I81,$J$80:J81)))&" x "&1&" x "&IF('LAMPIRAN I DONE'!$F$21="Tenaga Pengajar",0.25,IF(OR('LAMPIRAN I DONE'!$F$21="Asisten Ahli",'LAMPIRAN I DONE'!$F$21="Lektor",'LAMPIRAN I DONE'!$F$21="Lektor Kepala",'LAMPIRAN I DONE'!$F$21="Guru Besar"),0.5,""))&" = "&(((I82*J82)-(10-SUMPRODUCT($I$80:I81,$J$80:J81)))*IF('LAMPIRAN I DONE'!$F$21="Tenaga Pengajar",0.25,IF(OR('LAMPIRAN I DONE'!$F$21="Asisten Ahli",'LAMPIRAN I DONE'!$F$21="Lektor",'LAMPIRAN I DONE'!$F$21="Lektor Kepala",'LAMPIRAN I DONE'!$F$21="Guru Besar"),0.5,""))))),(I82&" x "&J82&" x "&(IF(OR(AND(L82="sks>10",L81="sks>10"),AND(L82="sks>10",L81="sks<=10")),IF('LAMPIRAN I DONE'!$F$21="Tenaga Pengajar",0.25,IF(OR('LAMPIRAN I DONE'!$F$21="Asisten Ahli",'LAMPIRAN I DONE'!$F$21="Lektor",'LAMPIRAN I DONE'!$F$21="Lektor Kepala",'LAMPIRAN I DONE'!$F$21="Guru Besar"),0.5,"")),IF('LAMPIRAN I DONE'!$F$21="Tenaga Pengajar",0.5,IF(OR('LAMPIRAN I DONE'!$F$21="Asisten Ahli",'LAMPIRAN I DONE'!$F$21="Lektor",'LAMPIRAN I DONE'!$F$21="Lektor Kepala",'LAMPIRAN I DONE'!$F$21="Guru Besar"),1,""))))&" = "&K82))),"rumus") -> 4 x 1 x 1 = 4 | H82: NOMOR : 081/AKD6/IT-DEK/2018 | I82: 4 | J82: 1 | K82: =IF(AND(I82<>"",J82<>""),(IF(OR(AND(L82="sks>10",L81="sks<=10",IFERROR(SUMPRODUCT($I$80:I81,$J$80:J81)<10,FALSE)),AND(L82="sks>10",L81="")),(((10-SUMPRODUCT($I$80:I81,$J$80:J81))*IF('LAMPIRAN I DONE'!$F$21="Tenaga Pengajar",0.5,IF(OR('LAMPIRAN I DONE'!$F$21="Asisten Ahli",'LAMPIRAN I DONE'!$F$21="Lektor",'LAMPIRAN I DONE'!$F$21="Lektor Kepala",'LAMPIRAN I DONE'!$F$21="Guru Besar"),1,"")))+(((I82*J82)-(10-SUMPRODUCT($I$80:I81,$J$80:J81)))*IF('LAMPIRAN I DONE'!$F$21="Tenaga Pengajar",0.25,IF(OR('LAMPIRAN I DONE'!$F$21="Asisten Ahli",'LAMPIRAN I DONE'!$F$21="Lektor",'LAMPIRAN I DONE'!$F$21="Lektor Kepala",'LAMPIRAN I DONE'!$F$21="Guru Besar"),0.5,"")))),IF(OR(AND(L82="sks>10",L81="sks>10"),AND(L82="sks>10",L81="sks<=10")),I82*J82*IF('LAMPIRAN I DONE'!$F$21="Tenaga Pengajar",0.25,IF(OR('LAMPIRAN I DONE'!$F$21="Asisten Ahli",'LAMPIRAN I DONE'!$F$21="Lektor",'LAMPIRAN I DONE'!$F$21="Lektor Kepala",'LAMPIRAN I DONE'!$F$21="Guru Besar"),0.5,"")),I82*J82*IF('LAMPIRAN I DONE'!$F$21="Tenaga Pengajar",0.5,IF(OR('LAMPIRAN I DONE'!$F$21="Asisten Ahli",'LAMPIRAN I DONE'!$F$21="Lektor",'LAMPIRAN I DONE'!$F$21="Lektor Kepala",'LAMPIRAN I DONE'!$F$21="Guru Besar"),1,""))))),"rumus") -> 4 | L82: =IF(AND(I82<>"",J82<>""),(IF(SUMPRODUCT($I$81:I82,$J$81:J82)<=10,"SKS<=10",IF(SUMPRODUCT($I$81:I82,$J$81:J82)>10,"SKS>10",""))),"rumus") -> SKS<=10
